Id,Codigo,Descripcion,Provincia,Poblacion,CodigoPostal,Direccion,Latitud,Longitud,Pais
349,60600,ALBACETE LOS LLANOS,Albacete,Albacete,2001.0,CALLE FEDERICO GARCIA LORCA. 1,"39,0002979","-1,8487356",España
350,60800,ALMANSA,Albacete,Almansa,2640.0,PLAZA PRIMERO DE MAYO. 1,"38,8677729","-1,1054355",España
352,60901,CAUDETE,Albacete,Caudete,2660.0,CARRETERA CV-656 - ESTACION FERROCARRIL. S/N,"38,7161493","-0,9597129",España
357,61005,HELLIN,Albacete,Hellín,2400.0,PASEO YUTERA DEL CARMEN. S/N,"38,5088565","-1,688572",España
348,60507,LA GINETA,Albacete,Gineta. La,2110.0,CALLE SANTA ANA. S/N,"39,1117194","-2,000316",España
347,60505,LA RODA DE ALBACETE,Albacete,Roda. La,2630.0,PLAZA ESTACION FERRACARRIL. S/N,"39,199397","-2,1628953",España
346,60503,MINAYA,Albacete,Minaya,2620.0,CALLE ESTACION FERROCARRIL. S/N,"39,240726","-2,3484434",España
345,60500,VILLARROBLEDO,Albacete,Villarrobledo,2600.0,CALLE JUAN FERREIRA. S/N,"39,2608516","-2,5985537",España
435,69009,AGRES,Alicante/Alacant,Agres,3837.0,CALLE ESTACION FERROCARRIL. S/N,"38,7968366","-0,5217951",España
437,69011,ALCOI,Alicante/Alacant,Alcoy/Alcoi,3804.0,AVENIDA TIRANT LO BLANC. 8,"38,7094901","-0,4702863",España
436,69010,COCENTAINA,Alicante/Alacant,Cocentaina,3820.0,CARRER PUJADA A SANTA BARBARA. 29,"38,7407086","-0,4470622",España
355,60905,ELDA-PETRER,Alicante/Alacant,Elda,3600.0,CALLE GALICIA. S/N,"38,484919","-0,8010553",España
351,60900,LA ENCINA,Alicante/Alacant,Villena,3408.0,AVENIDA CONSTITUCION. 1,"38,7653779","-0,9542829",España
356,60907,NOVELDA-ASPE,Alicante/Alacant,Novelda,3660.0,CALLE RAFAEL ALTAMIRA. S/N,"38,4071671","-0,7777287",España
354,60904,SAX,Alicante/Alacant,Sax,3630.0,LUIS BARCELO SANTOJA. 25,"38,5447527","-0,8142178",España
353,60902,VILLENA,Alicante/Alacant,Villena,3400.0,RONDA DE LA ESTACION. S/N,"38,631817","-0,867668",España
12,3309,VILLENA ALTA VELOCIDAD,Alicante/Alacant,Villena,3400.0,PARTIDA DE SAN JUAN. 182,"38,5846082","-0,8734737",España
330,56301,FIÑANA,Almería,Fiñana,4500.0,CARRETERA AL-6401 - DISEMINADO CORTIJO FAZ.S/N,"37,1847081","-2,839647",España
332,56308,GADOR,Almería,Gádor,4560.0,CARRETERA AL-3411 - CALLE RETIRO. S/N,"36,9515917","-2,4874696",España
331,56305,GERGAL,Almería,Gérgal,4458.0,CARRETERA AL-3410 - ESTACION FERROCARRIL. S/N,"37,1088805","-2,5915216",España
57,11212,AGURAIN/SALVATIERRA DE ALAVA,Araba/Álava,Salvatierra/Agurain,1200.0,TREBIÑO KALEA. S/N,"42,8464369","-2,3892266",España
56,11210,ALEGRIA-DULANTZI,Araba/Álava,Alegría-Dulantzi,1240.0,CALLE ESTACION FERROCARRIL. S/N,"42,8488289","-2,5145516",España
58,11213,ARAIA,Araba/Álava,Arraia-Maeztu,1208.0,CALLE ESTACION FERROCARRIL. S/N,"42,8694713","-2,3068018",España
52,11203,MANZANOS,Araba/Álava,Ribera Baja/Erribera Beitia,1220.0,RIO ZADORRA KALEA. S/N,"42,7428754","-2,8675305",España
54,11205,NANCLARES-LANGRAIZ,Araba/Álava,Iruña Oka/Iruña de Oca,1230.0,LA ESTACION KALEZ. S/N,"42,8162344","-2,8049335",España
55,11208,VITORIA/GASTEIZ,Araba/Álava,Vitoria-Gasteiz,1005.0,PLAZUELA DE LA ESTACION. 1,"42,8415284","-2,6726651",España
99,15116,LINARES-CONGOSTINAS,Asturias,Lena,33694.0,CAMINO ASPR-92 - ESTACION FERROCARRIL. S/N,"43,101767","-5,772133",España
257,37600,ALJUCEN,Badajoz,Aljucén,6800.0,CALLE ESTACION FERROCARRIL. S/N,"38,9364087","-6,407883",España
265,40004,ALMENDRALEJO,Badajoz,Almendralejo,6200.0,CALLE LAGO DE ALANGE. 1A,"38,6846701","-6,3997768",España
249,37400,ALMORCHON,Badajoz,Cabeza del Buey,6614.0,CARRETERA EX-104 - ESTACION FERROCARRIL. S/N,"38,6966056","-5,2904115",España
260,37606,BADAJOZ,Badajoz,Badajoz,6006.0,AVENIDA CAROLINA CORONADO. S/N,"38,89061","-6,9817556",España
248,37311,CABEZA DEL BUEY,Badajoz,Cabeza del Buey,6600.0,BARRIADA ESTACION. S/N,"38,723812","-5,2270033",España
264,40002,CALAMONTE,Badajoz,Calamonte,6810.0,AVENIDA DE ESPRONCEDA. S/N,"38,8874922","-6,3826881",España
251,37404,CAMPANARIO,Badajoz,Campanario,6460.0,CARRETERA EX-115 - ESTACION FERROCARRIL. S/N,"38,8534031","-5,6414458",España
250,37402,CASTUERA,Badajoz,Castuera,6420.0,CALLE ALEMANIA. 10,"38,7349783","-5,5417826",España
253,37407,DON BENITO,Badajoz,Don Benito,6400.0,AVENIDA DE LA CONSTITUCION. 29,"38,9669797","-5,8628364",España
273,42005,FREGENAL DE LA SIERRA,Badajoz,Fregenal de la Sierra,6340.0,CARRETERA EX-201 - ESTACION FERROCARRIL. S/N,"38,1677017","-6,6378417",España
271,40107,FUENTE DEL ARCO,Badajoz,Fuente del Arco,6980.0,CARRETERA BAV-1618 - ESTACION FERROCARRIL. S/N,"38,1635601","-5,9005181",España
262,37611,GARROVILLA-LAS VEGAS,Badajoz,Garrovilla. La,6870.0,BARRIADA ESTACION. 2,"38,9153576","-6,4770663",España
259,37604,GUADIANA,Badajoz,Guadiana del Caudillo,6186.0,CARRETERA BA-034 - ESTACION DE FERROCARRIL. S/N,"38,9220809","-6,6899875",España
255,37410,GUAREÑA,Badajoz,Guareña,6470.0,CARRETERA BA-043 - ESTACION DE FERROCARRIL. S/N,"38,8968311","-6,1289519",España
270,40105,LLERENA,Badajoz,Llerena,6900.0,AVENIDA ESTACION FERROCARRIL. 6,"38,2376771","-6,0098805",España
267,40006,LOS SANTOS DE MAIMONA,Badajoz,Santos de Maimona. Los,6230.0,CALLE DISEMINADO LA CARRASCA. 5,"38,4496301","-6,3616186",España
256,37500,MERIDA,Badajoz,Mérida,6800.0,CALLE CARDERO. S/N,"38,9213839","-6,343062",España
261,37608,MONTIJO-EL MOLINO,Badajoz,Montijo,6480.0,CALLE ESTACION FERROCARRIL. S/N,"38,9139742","-6,6182455",España
241,35405,SAN VICENTE DE ALCANTARA,Badajoz,San Vicente de Alcántara,6500.0,CARRETERA CC-91 - ESTACION FERROCARRIL. S/N,"39,3815403","-7,1170664",España
254,37409,VALDETORRES,Badajoz,Valdetorres,6474.0,CALLE LUIS CHAMIZO. 6,"38,9133481","-6,0694247",España
252,37406,VILLANUEVA DE LA SERENA,Badajoz,Villanueva de la Serena,6700.0,CALLE JOSE GALLARDO. 10,"38,9687822","-5,7963912",España
268,40008,ZAFRA FERIA,Badajoz,Zafra,6300.0,BARRIADA ANTONO ZODO. S/N,"38,4243825","-6,4099897",España
550,78505,AGUILAR DE SEGARRA,Barcelona,Aguilar de Segarra,8256.0,CARRETERA BV-3009 - ESTACION FERROCARRIL. 18,"41,738797","1,6237134",España
548,78503,CALAF,Barcelona,Calaf,8280.0,AVENIDA JOSEP MIRO. 1,"41,7302307","1,5151424",España
551,78506,RAJADELL,Barcelona,Rajadell,8256.0,CARRETERA BV-3012 - ESTACION FERROCARRIL. S/N,"41,732411","1,6986637",España
547,78502,SANT MARTI SESGUEIOLES,Barcelona,Sant Martí Sesgueioles,8282.0,PASSEIG DELS GERMANS FOM. S/N,"41,7012114","1,4861976",España
549,78504,SEGUERS-SANT PERE SALLAVINERA,Barcelona,Calaf,8281.0,CARRETERA BV-3051 - ESTACION DE FERROCARRIL. S/N,"41,747882","1,5740043",España
49,11109,BRIVIESCA,Burgos,Briviesca,9240.0,CALLE VIA FERREA. S/N,"42,5427537","-3,3192126",España
48,11014,BURGOS ROSA DE LIMA,Burgos,Burgos,9006.0,AVENIDA PRINCIPE DE ASTURIAS. S/N,"42,3706346","-3,6661075",España
53,11204,LA PUEBLA DE ARGANZON,Burgos,Condado de Treviño,9294.0,CALLE ESTACION FERROCARRIL. S/N,"42,7652437","-2,8303429",España
50,11111,PANCORBO,Burgos,Pancorbo,9280.0,CALLE ESTACION FERROCARRIL. 2,"42,6302302","-3,1129697",España
366,65308,ALCALA DE CHIVERT,Castellón/Castelló,Alcalà de Xivert,12570.0,PASSEIG HEROIS DEL MARROC. S/N,"40,304675","0,2286858",España
426,67208,BARRACAS,Castellón/Castelló,Barracas,12420.0,AVENIDA ESTACION FERROCARRIL. 9,"40,011745","-0,6962735",España
364,65304,ORPESA,Castellón/Castelló,Oropesa del Mar/Orpesa,12594.0,PLAÃA L'ESTACIO FERROCARRIL. S/N,"40,0922718","0,1397688",España
365,65306,TORREBLANCA,Castellón/Castelló,Torreblanca,12596.0,CARRER DE L'ESTACIO. 47,"40,2122167","0,1989847",España
342,60400,ALCAZAR DE SAN JUAN,Ciudad Real,Alcázar de San Juan,13600.0,CALLE ALVAREZ GUERRA. S/N,"39,3961548","-3,2058024",España
246,37305,ALMADENEJOS-ALMADEN,Ciudad Real,Almadén,13480.0,CARRETERA C-424 - ESTACION FERROCARRIL. S/N,"38,7405765","-4,730331",España
295,50202,ALMURADIEL-VISO DEL MARQUES,Ciudad Real,Almuradiel,13760.0,CALLE SAN ANTONIO. S/N,"38,5143048","-3,5017844",España
245,37302,BRAZATORTAS-VEREDAS,Ciudad Real,Brazatortas,13450.0,CALLE JOSE POVEDA. S/N,"38,6688198","-4,3166882",España
343,60402,CAMPO DE CRIPTANA,Ciudad Real,Campo de Criptana,13610.0,AVENIDA AGUSTIN DE LA FUENTE. 49,"39,394412","-3,1176765",España
243,37200,CIUDAD REAL,Ciudad Real,Ciudad Real,13005.0,AVENIDA DE EUROPA. 1,"38,9852579","-3,9134245",España
619,94002,DAIMIEL,Ciudad Real,Daimiel,13250.0,CALLE ESTACION FERROCARRIL. S/N,"39,0615172","-3,6040492",España
247,37308,GUADALMEZ-LOS PEDROCHES,Ciudad Real,Guadalmez,13490.0,CARRETERA LOS PEDROCHES. KM 4,"38,6992339","-4,9295366",España
244,37300,PUERTOLLANO,Ciudad Real,Puertollano,13500.0,CALLE MUELLE. S/N,"38,6914111","-4,1116111",España
294,50200,SANTA CRUZ DE MUDELA,Ciudad Real,Santa Cruz de Mudela,13730.0,PASEO CASTELAR. 161,"38,644651","-3,4514992",España
344,60406,SOCUELLAMOS,Ciudad Real,Socuéllamos,13630.0,CALLE ESTACION FERROCARRIL. S/N,"39,2787994","-2,7755387",España
206,31412,A CORUÑA,Coruña. A,Coruña. A,15008.0,AVENIDA DEL FERROCARRIL. 2,"43,352486","-8,4099651",España
148,21007,BARALLOBRE,Coruña. A,Fene,15528.0,RUA PABLO ARES FEAL. 43,"43,4628928","-8,1885688",España
143,21001,BETANZOS-CIDADE,Coruña. A,Betanzos,15319.0,RUA ARXENTINA. 10,"43,2841768","-8,2158576",España
138,20400,BETANZOS-INFESTA,Coruña. A,Betanzos,15319.0,CAMINO REAL DA INFESTA. S/N,"43,2707409","-8,2258495",España
147,21005,CABANAS,Coruña. A,Cabanas,15621.0,AVENIDA HILARIO RUIZ. S/N,"43,4156164","-8,168832",España
140,20403,CAMBRE,Coruña. A,Cambre,15660.0,CARRETERA DA ESTACION FERROCARRIL. 47,"43,2904881","-8,3520983",España
139,20402,CECEBRE,Coruña. A,Cambre,15650.0,CALLE APEADEIRO. S/N,"43,2879239","-8,3077339",España
208,31416,CERCEDA-MEIRAMA,Coruña. A,Cerceda,15188.0,CARRETERA C-2104A - ESTACION FERROCARRIL. S/N,"43,2076859","-8,4466314",España
136,20319,CESURAS,Coruña. A,Oza-Cesuras,15391.0,RUA ESTACION FERROCARRIL. S/N,"43,1730347","-8,2005033",España
134,20317,CURTIS,Coruña. A,Curtis,15310.0,PRAZA DE COMPOSTELA. 9,"43,1272132","-8,1432035",España
142,20410,ELVIÑA-UNIVERSIDADE,Coruña. A,Coruña. A,15190.0,CALLE ESTACION FERROCARRIL. S/N,"43,3352145","-8,4130116",España
150,21009,NEDA,Coruña. A,Neda,15510.0,AVENIDA CASTELAO. 47,"43,4953536","-8,160979",España
141,20404,O BURGO-SANTIAGO,Coruña. A,Culleredo,15670.0,CALLE RAMON CABANILLAS. 8,"43,3178485","-8,36868",España
207,31415,ORDES,Coruña. A,Ordes,15689.0,CALLE FOSADO. 28,"43,0380488","-8,4478022",España
182,23013,OSEBE,Coruña. A,Teo,15866.0,CARRETERA DP-0205 - ESTACION FERROCARRIL. S/N,"42,825301","-8,615838",España
137,20320,OZA DOS RIOS,Coruña. A,Oza-Cesuras,15380.0,CALLE LOIS. 48,"43,218716","-8,187044",España
181,23011,PADRON,Coruña. A,Padrón,15917.0,CAMIÑO LUANS. 45,"42,739327","-8,6525701",España
184,23021,PADRON BARBANZA,Coruña. A,Padrón,15980.0,CARRETERA DP-3302 - ESTACION FERROCARRIL. S/N,"42,7812443","-8,656552",España
145,21003,PERBES,Coruña. A,Miño,15608.0,CALLE A CRUZ. 20,"43,3781843","-8,20108",España
149,21008,PERLIO,Coruña. A,Fene,15500.0,RUA ANTONIA MONTERO. 4,"43,4730193","-8,17485",España
135,20318,PIÑOI,Coruña. A,Oza-Cesuras,15390.0,CALLE ESTACION FERROCARRIL. S/N,"43,1452995","-8,1911976",España
146,21004,PONTEDEUME,Coruña. A,Pontedeume,15614.0,AVENIDA FERROL. 77,"43,4117646","-8,1803661",España
204,31400,SANTIAGO DE COMPOSTELA,Coruña. A,Santiago de Compostela,15702.0,CALLE HORREO. 75 A,"42,8707816","-8,5447178",España
205,31411,UXES,Coruña. A,Arteixo,15690.0,CARRETERA DP-0510 - TRAVESIA ESTACION. S/N,"43,2974066","-8,444413",España
395,66105,ARGUISUELAS,Cuenca,Arguisuelas,16360.0,CALLE ESTACION FERROCARRIL. S/N,"39,838605","-1,8123037",España
394,66104,CARBONERAS DE GUADAZAON,Cuenca,Carboneras de Guadazaón,16350.0,CARRETERA CAMPORROBLES. S/N,"39,9005164","-1,8076325",España
389,66013,CASTILLEJO DEL ROMERAL,Cuenca,Huete,16541.0,CALLE ESTACION FERROCARRIL. S/N,"40,1371299","-2,5068958",España
393,66103,CAÑADA DEL HOYO,Cuenca,Cañada del Hoyo,16340.0,CALLE ESTACION FERROCARRIL. S/N,"39,9538744","-1,8896024",España
391,66016,CHILLARON,Cuenca,Chillarón de Cuenca,16190.0,CALLE ESTACION FERROCARRIL. S/N,"40,102932","-2,220969",España
392,66100,CUENCA,Cuenca,Cuenca,16004.0,CALLE MARIANO CATALINA. 10,"40,0673622","-2,1364895",España
9,3208,CUENCA FERNANDO ZOBEL,Cuenca,Cuenca,16004.0,AVENIDA CERRO DE LA ESTRELLA. S/N - N-320 - CIRCUNVALACION DE CUENCA,"40,0352819","-2,1441378",España
390,66014,CUEVAS DE VELASCO,Cuenca,Villar y Velasco,16542.0,CALLE ESTACION FERROCARRIL. S/N,"40,1554631","-2,408532",España
387,66006,TARANCON,Cuenca,Tarancón,16400.0,GLORIETA ESTACION FERROCARRIL. S/N,"40,0064667","-3,0097245",España
397,66109,VILLORA,Cuenca,Víllora,16371.0,CARRETERA CM-2109 - ESTACION FERROCARRIL. S/N,"39,7468661","-1,6108998",España
396,66108,YEMEDA-CARDENETE,Cuenca,Yémeda,16373.0,CARRETERA CUV - 5014 - ESTACION FERROCARRIL. S/N,"39,7509195","-1,6818789",España
240,35402,ARROYO DE MALPARTIDA,Cáceres,Cáceres,10910.0,AVENIDA DE LA ESTACION. 79,"39,4680733","-6,5344525",España
239,35400,CACERES,Cáceres,Cáceres,10005.0,AVENIDA JUAN PABLO II. 6,"39,461161","-6,385651",España
237,35302,CASAS DE MILLAN,Cáceres,Casas de Millán,10592.0,CALLE ESTACION FERROCARRIL. S/N,"39,8121045","-6,3256771",España
235,35207,CASATEJADA,Cáceres,Casatejada,10520.0,PASEO JOSE ANTONIO PAVON. 29,"39,8919228","-5,6776116",España
238,35303,CAÑAVERAL,Cáceres,Cañaveral,10820.0,CALLE ESTACION FERROCARRIL. S/N,"39,7889614","-6,3745314",España
236,35301,MIRABEL,Cáceres,Mirabel,10540.0,CALLE ADOLFO DE MIGUEL. 13,"39,8661782","-6,228912",España
185,30000,MONFRAGÜE,Cáceres,Malpartida de Plasencia,10680.0,CARRETERA ESTACION FERROCARRIL MALPARTIDA. S/N,"39,9374645","-6,1010368",España
234,35206,NAVALMORAL DE LA MATA,Cáceres,Navalmoral de la Mata,10300.0,PLAZA ESTACION FERROCARRIL. 1,"39,8948539","-5,545566",España
186,30002,PLASENCIA,Cáceres,Plasencia,10600.0,CALLE ALFONSO CAMARGO. S/N,"40,0221943","-6,0994465",España
242,35406,VALENCIA DE ALCANTARA,Cáceres,Valencia de Alcántara,10500.0,CALLE MANUEL PUEBLA ESTACION. S/N,"39,4269147","-7,2307418",España
324,55020,ALGECIRAS,Cádiz,Algeciras,11207.0,AVENIDA GESTO POR LA PAZ. S/N,"36,126469","-5,448923",España
321,55017,ALMORAIMA,Cádiz,Castellar de la Frontera,11350.0,CARRETERA A-405 - ESTACION FERROCARRIL. S/N,"36,2770173","-5,4300178",España
320,55015,JIMENA DE LA FRONTERA,Cádiz,Jimena de la Frontera,11339.0,CALLE JUAN DE DIOS. 15,"36,4242754","-5,4342443",España
323,55019,LOS BARRIOS,Cádiz,Barrios. Los,11370.0,CARRETERA JEREZ - ALGECIRAS - ESTACION FERROCARRIL. 1,"36,1738822","-5,4607781",España
319,55014,SAN PABLO,Cádiz,Jimena de la Frontera,11320.0,CARRETERA A-405 - ESTACION FERRACARRIL. S/N,"36,4679463","-5,4190055",España
322,55018,SAN ROQUE-LA LINEA,Cádiz,San Roque,11368.0,AVENIDA GUADARRANQUE. 34,"36,2140158","-5,4322269",España
312,55005,SETENIL,Cádiz,Setenil de las Bodegas,11692.0,CARRETERA CA-414 - ESTACION DE FERROCARRIL. S/N,"36,8624427","-5,1211137",España
301,50417,CAMPUS UNIVERSITARIO DE RABANALES,Córdoba,Córdoba,14014.0,CALLE ESTACION FERROCARRIL. S/N,"37,9128153","-4,720937",España
302,50500,CORDOBA,Córdoba,Córdoba,14011.0,GLORIETA DE LAS TRES CULTURAS. S/N,"37,8884864","-4,7895764",España
304,50506,PALMA DEL RIO,Córdoba,Palma del Río,14700.0,CALLE ESTACION FERROCARRIL. S/N,"37,7181028","-5,29276",España
5,2002,PUENTE GENIL-HERRERA,Córdoba,Puente Genil,14500.0,CARRETERA A-318 - KM. 9 - ENTRE LOS PUEBLOS DE PUENTE GENIL (CËRDOBA) Y HERRERA (SEVILLA),"37,3597116","-4,8221946",España
300,50407,VILLA DEL RIO,Córdoba,Villa del Río,14640.0,CALLE PROLONGACION ESTACION FERROCARRIL. S/N,"37,9814294","-4,2838235",España
263,37704,VILLANUEVA DE CORDOBA,Córdoba,Villanueva de Córdoba,14440.0,CARRETERA CO-5100 - VILLANUEVA ADAMUZ KM 9.8 - ESTACION FERROCARRIL. S/N,"38,2551693","-4,5709044",España
558,79302,BORDILS-JUIA,Girona,Bordils,17462.0,CARRER DE PALAMOS - ESTACION FERROCARRIL. S/N,"42,0370471","2,915295",España
553,79203,CALDES DE MALAVELLA,Girona,Caldes de Malavella,17455.0,AVENIDA DOCTOR FOREST. S/N,"41,8411429","2,8007209",España
561,79305,CAMALLERA,Girona,Saus. Camallera i Llampaies,17465.0,CARRER ESTACIO FERROCARRIL. S/N,"42,1223201","2,9653807",España
557,79301,CELRA,Girona,Celrà,17460.0,CARRETERA DE JUIA. 45,"42,0271891","2,8749348",España
567,79314,COLERA,Girona,Colera,17496.0,CARRER PUJADA ESTACIO. S/N,"42,4067916","3,154506",España
564,79309,FIGUERES,Girona,Figueres,17600.0,PLAÃA ESTACIO FERROCARRIL. S/N,"42,2650808","2,968814",España
15,4307,FIGUERES-VILAFANT,Girona,Figueres,17740.0,AVINGUDA PUIG GRAU. S/N,"42,2575697","2,94513",España
559,79303,FLAÇA,Girona,Flaçà,17463.0,PLAÃA ESTACIO DEL CARRILET. S/N,"42,0474159","2,9574089",España
555,79205,FORNELLS DE LA SELVA,Girona,Fornells de la Selva,17458.0,CARRER DE CATERINA ALBERT. S/N,"41,9350259","2,8097539",España
556,79300,GIRONA,Girona,Girona,17002.0,PLAÃA DE ESPANYA. S/N,"41,9793402","2,8168293",España
566,79312,LLANÇA,Girona,Llançà,17490.0,PLAÃA L'ESTACIO FERROCARRIL. S/N,"42,366688","3,149168",España
568,79315,PORTBOU,Girona,Portbou,17497.0,CALLE CLAUDI PLANAS. S/N,"42,4246822","3,1577348",España
554,79204,RIUDELLOTS,Girona,Riudellots de la Selva,17457.0,CARRER VEINAT DE L'ESTACIO. S/N,"41,8962535","2,8116032",España
560,79304,SANT JORDI DESVALLS,Girona,Sant Jordi Desvalls,17464.0,CARRER DE L'ESTACIO. S/N,"42,0683167","2,9645106",España
562,79306,SANT MIQUEL DE FLUVIA,Girona,Sant Miquel de Fluvià,17475.0,CARRETERA GI-622 - ESTACION FERROCARRIL. S/N,"42,172094","2,989598",España
552,79202,SILS,Girona,Sils,17410.0,PLAÃA DE L'ESTACIO. S/N,"41,8076177","2,7450842",España
565,79311,VILAJUIGA,Girona,Vilajuïga,17493.0,PASSEIG DE L'ESTACIO. S/N,"42,3256095","3,0873849",España
563,79308,VILAMALLA,Girona,Vilamalla,17469.0,CARRETERA GIV-6227 - CAMI DE L'ESTACIO. S/N,"42,2163229","2,9778522",España
328,56103,BENALUA DE GUADIX,Granada,Benalúa,18510.0,AVENIDA LLANO DE LA ESTACION. S/N,"37,345298","-3,1631551",España
16,5000,GRANADA,Granada,Granada,18014.0,AVENIDA DE LOS ANDALUCES. S/N,"37,1840355","-3,6090357",España
334,57003,IZNALLOZ,Granada,Iznalloz,18550.0,CALLE EXPLANADA ESTACION FERROCARRIL. S/N,"37,3958908","-3,5278435",España
17,5013,LOJA-SAN FRANCISCO,Granada,Loja,18300.0,PLAZA ESTACION FERROCARRIL. 56,"37,174921","-4,149528",España
327,56100,MOREDA,Granada,Morelábor,18540.0,CARRETERA GR-4101 - ESTACION DE FERROCARRIL. 26,"37,4311479","-3,3105075",España
444,70300,BAIDES,Guadalajara,Baides,19295.0,CALLE ESTACION FERROCARRIL. S/N,"41,004911","-2,785903",España
441,70208,CARRASCOSA DE HENARES,Guadalajara,Espinosa de Henares,19247.0,PASEO EL APEADERO. S/N,"40,905884","-3,013691",España
13,4007,GUADALAJARA-YEBES,Guadalajara,Guadalajara,19000.0,CARRETERA N-320 SACEDON-CUENCA. KM 268,"40,5879523","-3,1249541",España
445,70302,SIGÜENZA,Guadalajara,Sigüenza,19250.0,CALLE ALFONSO VI. S/N,"41,071329","-2,646456",España
276,42009,ALMONASTER-CORTEGANA,Huelva,Almonaster la Real,21342.0,CALLE ALDEA ESTACION ALMTER. S/N,"37,9012229","-6,7973125",España
282,42019,BELMONTE,Huelva,San Bartolomé de la Torre,21500.0,CARRETERA N-431 - ESTACION FERROCARRIL. S/N,"37,461858","-6,947529",España
279,42015,CALAÑAS,Huelva,Calañas,21300.0,PASEO RAMON REGAJO. S/N,"37,651964","-6,876462",España
274,42006,CUMBRES MAYORES,Huelva,Cumbres Mayores,21380.0,CARRETERA A-5300 - ESTACION FERROCARRIL. S/N,"38,0532442","-6,6310657",España
281,42018,EL COBUJON,Huelva,Calañas,21300.0,CARRETERA HV-1427 - ESTACION FERROCARRIL. S/N,"37,51651","-6,953432",España
278,42013,EL TAMUJOSO,Huelva,Cerro de Andévalo. El,21320.0,CARRETERA HU-5101 - ESTACION FERROCARRIL. S/N,"37,7203298","-6,9005379",España
285,43009,ESCACENA,Huelva,Escacena del Campo,21870.0,CARRETERA HU-6111 - CAMINO DEL POZO. S/N,"37,397858","-6,391999",España
283,42020,GIBRALEON,Huelva,Gibraleón,21500.0,CALLE GUADIANA. 6,"37,367897","-6,962285",España
289,43019,HUELVA-TERMINO,Huelva,Huelva,21003.0,AVENIDA DE CADIZ. S/N,"37,252635","-6,944905",España
275,42008,JABUGO-GALAROZA,Huelva,Jabugo,21360.0,CALLE ROMAN TALERO. 34,"37,9279893","-6,7730438",España
286,43011,LA PALMA DEL CONDADO,Huelva,Palma del Condado. La,21700.0,AVENIDA DE LA CONSTITUCION. 9,"37,3906538","-6,5544227",España
280,42016,LOS MILANOS,Huelva,Calañas,21300.0,CARRETERA H-9020 - ESTACION FERROCARRIL. S/N,"37,586225","-6,919955",España
288,43015,NIEBLA-PUERTA DEL BUEY,Huelva,Niebla,21840.0,AVENIDA PUERTA DEL BUEY. S/N,"37,3584965","-6,681256",España
290,43021,SAN JUAN DEL PUERTO,Huelva,San Juan del Puerto,21610.0,CALLE RIOS ESQUINA PLAZA DE LA MARINA. S/N,"37,311893","-6,84109",España
277,42012,VALDELAMUSA,Huelva,Cortegana,21330.0,CARRETERA HU-6102 - ESTACION FERROCARRIL. S/N,"37,787145","-6,8737178",España
287,43012,VILLARRASA,Huelva,Villarrasa,21850.0,CARRETERA A-472 - ESTACION FERROCARRIL. S/N,"37,3870134","-6,598824",España
518,74208,ANZANIGO,Huesca,Caldearenas,22830.0,CALLE ESTACION FERROCARRIL. S/N,"42,4033453","-0,6430434",España
514,74204,AYERBE,Huesca,Ayerbe,22800.0,CARRETERA A-1206 - AVENIDA LAORRE. S/N,"42,2755598","-0,682595",España
536,78302,BINEFAR,Huesca,Binéfar,22500.0,AVENIDA DE ARAGON. S/N,"41,8497659","0,2913721",España
519,74209,CALDEARENAS-AQUILUE,Huesca,Caldearenas,22624.0,CALLE ESTACION FERROCARRIL. S/N,"42,3979073","-0,499468",España
524,74217,CANFRANC,Huesca,Canfranc,22880.0,AVENIDA DE FERNANDO EL CATOLICO. 2,"42,7513897","-0,5141525",España
522,74214,CASTIELLO-PUEBLO,Huesca,Castiello de Jaca,22710.0,AVENIDA FRANCIA. S/N,"42,6273588","-0,5451882",España
533,78201,GRAÑEN,Huesca,Grañén,22260.0,CALLE RONDA DE ARAGON. S/N,"41,9379837","-0,3692811",España
512,74200,HUESCA,Huesca,Huesca,22005.0,CALLE JOSE GIL CAVEZ. 10,"42,1333507","-0,4097769",España
521,74213,JACA,Huesca,Jaca,22700.0,CALLE ESTACION FERROCARRIL. S/N,"42,5776167","-0,5386996",España
513,74202,PLASENCIA DEL MONTE,Huesca,Sotonera. La,22810.0,CARRETERA A-1207 - ESTACION FERROCARRIL. S/N,"42,2051817","-0,5609244",España
516,74206,RIGLOS,Huesca,Peñas de Riglos. Las,22808.0,CALLE ESTACION FERROCARRIL. S/N,"42,3447386","-0,7317148",España
515,74205,RIGLOS-CONCILIO,Huesca,Peñas de Riglos. Las,22808.0,CALLE LACOS. S/N,"42,3169651","-0,7274176",España
520,74211,SABIÑANIGO,Huesca,Sabiñánigo,22600.0,CALLE SERRABLO. 2,"42,5204167","-0,3733136",España
517,74207,SANTA MARIA Y LA PEÑA,Huesca,Peñas de Riglos. Las,22820.0,CALLE ESTACION FERROCARRIL. S/N,"42,38038","-0,6958747",España
523,74216,VILLANUA-LETRANZ,Huesca,Villanúa,22870.0,CALLE ESTACION FERROCARRIL. S/N,"42,6890585","-0,5234695",España
299,50403,ANDUJAR,Jaén,Andújar,23740.0,CARRETERA ESTACION FERROCARRIL S/N,"38,02824","-4,06604",España
326,56009,CABRA DEL SANTO CRISTO Y ALICUN,Jaén,Cabra del Santo Cristo,23590.0,CARRETERA JV-3212 - ESTACION FERROCARRIL. S/N,"37,6567026","-3,2625925",España
298,50400,ESPELUY,Jaén,Espelúy,23628.0,PLAZA ESTACION FERROCARRIL. 3,"38,0101413","-3,832274",España
8,3100,JAEN,Jaén,Jaén,23007.0,PLAZA DE JAEN POR LA PAZ. 1,"37,7800495","-3,7908847",España
325,56004,JODAR-UBEDA,Jaén,Jódar,23400.0,CARRETERA A-401 - ESTACION DE FERROCARRIL. S/N,"37,9133419","-3,3502021",España
297,50300,LINARES-BAEZA,Jaén,Linares,23490.0,PLAZA DE LAS PALMERAS. S/N,"38,069169","-3,5892724",España
102,20006,BARRIENTOS,León,Valderrey,24394.0,CALLE SANTA ANA. 20,"42,414221","-5,9639231",España
111,20111,BEMBIBRE,León,Bembibre,24300.0,CALLE SUSANA GONZALEZ. 56,"42,6095787","-6,4222006",España
108,20104,BRAÑUELAS,León,Villagatón,24360.0,TRAVESIA FANAL. 5,"42,632623","-6,2010116",España
98,15113,BUSDONGO,León,Villamanín,24690.0,CARRETERA N-630 - ESTACION FERROCARRIL. 1,"42,9844961","-5,7053997",España
90,15012,EL BURGO RANERO,León,Burgo Ranero. El,24343.0,CALLE SENDA ESTACION FERROCARRIL. S/N,"42,4257649","-5,2084815",España
109,20106,LA GRANJA,León,Torre del Bierzo,24378.0,AVENIDA SAN VICENTE. S/N,"42,606841","-6,294966",España
95,15108,LA POLA DE GORDON,León,Pola de Gordón. La,24600.0,CALLE CAPITAN LOZANO. 7,"42,854015","-5,674606",España
94,15106,LA ROBLA,León,Robla. La,24640.0,CALLE GORDON ORDAS. 30,"42,8039955","-5,6263925",España
93,15100,LEON,León,León,24009.0,CALLE ASTORGA. S/N,"42,595994","-5,5826161",España
103,20007,NISTAL,León,San Justo de la Vega,24395.0,CALLE ANTONIO ACEÑA. 21,"42,4244463","-6,0080164",España
92,15015,PALANQUINOS,León,Villanueva de las Manzanas,24225.0,PLAZA SANTA RITA. 10,"42,4606633","-5,4974771",España
113,20200,PONFERRADA,León,Ponferrada,24400.0,AVENIDA DEL FERROCARRIL. 15,"42,545398","-6,602382",España
107,20103,PORQUEROS,León,Magaz de Cepeda,24397.0,CALLE ESTACION FERROCARRIL. 5,"42,598974","-6,108328",España
100,20002,QUINTANA-RANEROS,León,Santovenia de la Valdoncina,24391.0,CALLE GUZMAN EL BUENO. S/N,"42,5500687","-5,6377276",España
89,15009,SAHAGUN,León,Sahagún,24320.0,CALLE TRAS ESTACION. S/N,"42,3693361","-5,0226545",España
112,20113,SAN MIGUEL DE LAS DUEÑAS,León,Congosto,24398.0,CALLE ESTACION FERROCARRIL. 34,"42,5864103","-6,5237647",España
96,15109,SANTA LUCIA,León,Pola de Gordón. La,24650.0,CALLE REINO DE LEON. 1,"42,8749243","-5,6397212",España
91,15014,SANTAS MARTAS,León,Santas Martas,24330.0,CALLE ESTACION FERROCARRIL. 10-16,"42,4599988","-5,3866323",España
101,20005,VEGUELLINA,León,Villarejo de Órbigo,24350.0,PASEO ESTACION FERROCARRIL. 34,"42,433562","-5,887601",España
104,20008,VILLABANTE,León,Santa Marina del Rey,24393.0,CALLE EL PALACIO. 32,"42,4645614","-5,8388884",España
114,20203,VILLADEPALOS,León,Carracedelo,24565.0,CALLE CAMINO DEL APEADERO. S/N,"42,5368908","-6,751069",España
97,15112,VILLAMANIN,León,Villamanín,24680.0,CALLE ESTACION FERROCARRIL. 5,"42,9367014","-5,6576852",España
543,78407,ANGLESOLA,Lleida,Anglesola,25320.0,CARRETERA LV-3342 - ESTACION FEROCARRIL. S/N,"41,6463987","1,0789872",España
538,78402,BELL-LLOC D'URGELL,Lleida,Bell-lloc d'Urgell,25220.0,CARRER DE L'ESTACIO. S/N,"41,6316563","0,7815619",España
542,78406,BELLPUIG,Lleida,Bellpuig,25250.0,AVINGUDA DE LLEIDA. S/N,"41,6325588","1,0129742",España
541,78405,CASTELLNOU DE SEANA,Lleida,Castellnou de Seana,25265.0,CARRETERA LV-3443 - ESTACION FERROCARRIL. S/N,"41,6374776","0,9677288",España
545,78500,CERVERA,Lleida,Cervera,25200.0,PASSEIG DE L'ESTACIO FERROCARRIL. S/N,"41,6736697","1,2747541",España
540,78404,GOLMES,Lleida,Golmés,25241.0,PASSEIG L'ESTACIO FERROCARRIL. S/N,"41,6359096","0,9308368",España
500,73002,JUNEDA,Lleida,Juneda,25430.0,CARRER DE PRAT DE LA RIBA. S/N,"41,5439419","0,8255156",España
502,73004,LA FLORESTA,Lleida,Floresta. La,25413.0,CARRETERA LV-2012 - ESTACION FERROCARRIL. S/N,"41,5041749","0,9243914",España
501,73003,LES BORGES BLANQUES,Lleida,Borges Blanques. Les,25400.0,CAMI DEL CARRO. S/N,"41,5217222","0,8772657",España
537,78400,LLEIDA-PIRINEUS,Lleida,Lleida,25007.0,PLAÃA BERENGUER IV. S/N,"41,6207709","0,6327913",España
539,78403,MOLLERUSSA,Lleida,Mollerussa,25230.0,PLAÃA L'ESTACIO FERROCARRIL. 4,"41,6318261","0,8969098",España
499,73001,PUIGVERD DE LLEIDA-ARTESA DE LLEIDA,Lleida,Puigverd de Lleida,25153.0,CARRETERA LV-7022 - ESTACION FERROCARRIL. 6,"41,5536749","0,7333933",España
546,78501,SANT GUIM DE FREIXENET,Lleida,Sant Guim de Freixenet,25270.0,PLAÃA DE L'ESTACIO. S/N,"41,6559069","1,4205931",España
544,78408,TARREGA,Lleida,Tàrrega,25300.0,CARRE DEL SEGLE XX. S/N,"41,6502293","1,1388073",España
503,73005,VINAIXA,Lleida,Vinaixa,25440.0,CARRETERA ALBI. 34,"41,4251246","0,9704029",España
152,22002,AREAS,Lugo,Sober,27578.0,CARRETERA LU-P-5902 - ESTACION FERROCARRIL. S/N,"42,4579254","-7,6291878",España
130,20312,BAAMONDE,Lugo,Begonte,27371.0,CALLE ESTACION FERROCARRIL. 8,"43,1734198","-7,7563639",España
151,22001,CANABAL,Lugo,Sober,27440.0,TRAVESIA ESTACION FERROCARRIL. 19,"42,4826865","-7,5876638",España
132,20314,GUITIRIZ,Lugo,Guitiriz,27300.0,CALLE ESTACION FERROCARRIL. 71,"43,1790747","-7,8950709",España
128,20309,LUGO,Lugo,Lugo,27003.0,PLAZA DE CONDE FONTAO. S/N,"43,0150666","-7,5521368",España
125,20300,MONFORTE DE LEMOS,Lugo,Monforte de Lemos,27400.0,PRAZA DA ESTACION. S/N,"42,5295972","-7,5034723",España
122,20214,MONTEFURADO,Lugo,Quiroga,27390.0,CALLE SAN MIGUEL MONTEF. 4,"42,3937465","-7,194573",España
131,20313,PARGA,Lugo,Guitiriz,27380.0,AVENIDA DA ESTACION. 9,"43,1636305","-7,8373271",España
127,20306,PEDRELO-CELTIGOS,Lugo,Sarria,27617.0,CALLE CELTIGOS. 84,"42,832904","-7,3933761",España
124,20218,POBRA DE BROLLON,Lugo,Pobra do Brollón. A,27331.0,AVENIDA DA POBRA. S/N,"42,5337515","-7,4001532",España
129,20310,RABADE,Lugo,Rábade,27370.0,PRAZA DE ESPAÑA. 23,"43,121342","-7,6247063",España
123,20216,SAN CLODIO-QUIROGA,Lugo,Ribas de Sil,27310.0,RUA DO FERROCARRIL. 31,"42,465255","-7,287173",España
153,22003,SAN ESTEVO DO SIL,Lugo,Pantón,27437.0,CARRETERA LU-P-4103 - ESTACION FERROCARRIL. S/N,"42,4272196","-7,6624968",España
154,22004,SAN PEDRO DO SIL,Lugo,Pantón,27470.0,CARRETERA LU-P-4104 - ESTACION FERROCARRIL. S/N,"42,4528283","-7,7123405",España
126,20305,SARRIA,Lugo,Sarria,27600.0,RUA RAMON CABANILLAS. 6,"42,7841346","-7,4188404",España
336,60202,CASTILLEJO-AÑOVER,Madrid,Aranjuez,28300.0,CARRETERA M-416 - AÑOVER-YEPES - ESTACION FERROCARRIL. S/N,"39,9495877","-3,7384557",España
335,60000,MADRID-PUERTA DE ATOCHA,Madrid,Madrid,28045.0,GLORIETA EMPERADOR CARLOS V. S/N,"40,4053548","-3,6895915",España
25,10206,SANTA MARIA DE LA ALAMEDA-PEGUERINOS,Madrid,Santa María de la Alameda,28296.0,CALLE DOCE DE OCTUBRE. S/N,"40,5689814","-4,2691278",España
61,12007,TABLADA,Madrid,Guadarrama,28480.0,AVENIDA VALLE DEL GUADARRAMA. S/N,"40,7056575","-4,1253575",España
23,10204,ZARZALEJO,Madrid,Zarzalejo,28293.0,CALLE DEL FERROCARRIL. S/N,"40,5388169","-4,1580731",España
361,61303,BALSICAS-MAR MENOR,Murcia,Torre-Pacheco,30591.0,CALLE MAR MENOR. S/N,"37,8188201","-0,950921",España
358,61009,CALASPARRA,Murcia,Calasparra,30420.0,CALLE ESTACION FERROCARRIL. 8,"38,2692997","-1,6799747",España
363,61307,CARTAGENA,Murcia,Cartagena,30203.0,PLAZA DE MEJICO. 2,"37,6050218","-0,9749997",España
359,61012,CIEZA,Murcia,Cieza,30530.0,CALLE ESTACION FERROCARRIL. 34,"38,2468104","-1,4220446",España
311,55003,ALMARGEN-CAÑETE LA REAL,Málaga,Almargen,29330.0,CALLE CORTINA ESTACION. 1B,"37,0010286","-5,0201169",España
18,5019,ANTEQUERA,Málaga,Antequera,29200.0,BARRIADA ESTACION. S/N,"37,0281836","-4,5609649",España
6,2003,ANTEQUERA-SANTA ANA,Málaga,Antequera,29540.0,CARRETERA MA-5406 - ESTACION FERROCARRIL. S/N,"37,0702806","-4,7190304",España
314,55008,ARRIATE,Málaga,Arriate,29350.0,CARRETERA MA-7400 - ESTACION FERROCARRIL. S/N,"36,7910791","-5,1401779",España
315,55010,BENAOJAN-MONTEJAQUE,Málaga,Benaoján,29370.0,CARRETERA ESTACION BENAOJAN. S/N,"36,7137902","-5,246408",España
306,54400,BOBADILLA,Málaga,Antequera,29540.0,PLAZA DE LA ESTACION. S/N,"37,0375444","-4,7277249",España
317,55012,CORTES DE LA FRONTERA,Málaga,Cortes de la Frontera,29391.0,AVENIDA LLANO DE LA ESTACION. S/N,"36,5973589","-5,3327945",España
307,54403,EL CHORRO-CAMINITO DEL REY,Málaga,Álora,29552.0,CARRETERA MA-5403 - ESTACION DE FERROCARRIL. S/N,"36,9073169","-4,7592403",España
318,55013,GAUCIN,Málaga,Gaucín,29490.0,CARRETERA MA-512 - ESTACION FERROCARRIL. S/N,"36,5403999","-5,3863848",España
316,55011,JIMERA DE LIBAR,Málaga,Jimera de Líbar,29392.0,AVENIDA LA BARCA - CALLE FUENTE GRANDE. S/N,"36,6607132","-5,2814788",España
308,54404,LAS MELLIZAS,Málaga,Álora,29593.0,BARRIADA ESTACION DE LAS MELLIZAS. S/N,"36,8732968","-4,7194626",España
309,54413,MALAGA MARIA ZAMBRANO,Málaga,Málaga,29002.0,CALLE EXPLANADA DE LA ESTACION. S/N,"36,7113412","-4,4328779",España
313,55007,RONDA,Málaga,Ronda,29400.0,AVENIDA DE ANDALUCIA. 31,"36,748424","-5,1619184",España
570,80001,ALTSASU-PUEBLO,Navarra,Altsasu/Alsasua,31800.0,CALLE VENTA ABAJO. 2,"42,8933068","-2,1674164",España
586,81200,CASTEJON DE EBRO,Navarra,Castejón,31590.0,CALLE JERONIMO MARCO. 1,"42,1728476","-1,6924327",España
589,81205,CORTES DE NAVARRA,Navarra,Cortes,31530.0,CARRETERA NA-5200 - ESTACION FERROCARRIL. S/N,"41,9148345","-1,4203255",España
571,80003,ETXARRI-ARANATZ,Navarra,Etxarri Aranatz,31820.0,CARRETERA NA-120 - ESTACION FERROCARRIL. S/N,"42,9111083","-2,0712153",España
582,81106,FECULAS-NAVARRA,Navarra,Lodosa,31580.0,CARRETERA NA-6540 - ESTACION FERROCARRIL. S/N,"42,4111028","-2,0981948",España
576,80114,MARCILLA DE NAVARRA,Navarra,Marcilla,31340.0,CARRETERA NA-128 - ESTACION DE FERROCARRIL. S/N,"42,3348238","-1,7173764",España
575,80109,OLITE/ERRIBERRI,Navarra,Olite/Erriberri,31390.0,CALLE ESTACION DE FERROCARRIL. 25,"42,4850493","-1,6499102",España
588,81203,RIBAFORADA,Navarra,Ribaforada,31550.0,CALLE PARLAMENTO NAVARRO. 45,"41,9970977","-1,5152248",España
574,80108,TAFALLA,Navarra,Tafalla,31300.0,CARRETERA NA-132 - PASEO DE LAS RUEDAS. S/N,"42,5257632","-1,671436",España
577,80115,VILLAFRANCA DE NAVARRA,Navarra,Villafranca,31330.0,AVENIDA MIGUEL DE CERVANTES. S/N,"42,28074","-1,7456041",España
200,31303,A FRIELA-MASIDE,Ourense,Maside,32570.0,CARRETERA OU-0303 - RUA SAN AMARO. S/N,"42,4113745","-8,02893",España
198,31205,A GUDIÑA,Ourense,Gudiña. A,32540.0,CARRETERA N-525 - BEATO SEBASTIAN APARICIO. S/N,"42,06069","-7,1324361",España
121,20213,A RUA-PETIN,Ourense,Rúa. A,32350.0,RUA CIRCUNVALACION. S/N,"42,3926731","-7,1132567",España
158,22101,BARBANTES,Ourense,Cenlle,32450.0,RUA DA ESTACION. 1,"42,33856","-8,011593",España
156,22006,BARRA DE MIÑO,Ourense,Coles,32950.0,RUA DA ESTACION. 34-37,"42,4010936","-7,8026302",España
201,31304,O CARBALLIÑO,Ourense,Carballiño. O,32500.0,AVENIDA O VINTECINCO DE XULLO. S/N,"42,4314286","-8,0688481",España
202,31306,O IRIXO,Ourense,Irixo. O,32530.0,CARRETERA OU-223 - ALDEA A LAMA. 46,"42,5196769","-8,1050595",España
155,22005,OS PEARES,Ourense,Peroxa. A,32440.0,CARRETERA LU-P-1004 - ESTACION FERROCARRIL. S/N,"42,4511659","-7,7356295",España
157,22100,OURENSE,Ourense,Ourense,32001.0,AVENIDA MARIN. S/N,"42,3503978","-7,8728207",España
199,31215,OURENSE-SAN FRANCISCO,Ourense,Ourense,32005.0,RUA PENA TREVINCA. 39,"42,3326562","-7,8609025",España
117,20208,QUEREÑO,Ourense,Rubiá,32320.0,RUA DA ESTACION. S/N,"42,4207086","-6,8295034",España
159,22102,RIBADAVIA,Ourense,Ribadavia,32400.0,RUA BAIXADA O CONSELLO. S/N,"42,2931292","-8,1391141",España
118,20210,SOBRADELO,Ourense,Carballeda de Valdeorras,32330.0,CARRETERA DE ENTOMA - ESTACION FERROCARRIL. S/N,"42,4148488","-6,9119341",España
120,20212,VILAMARTIN DE VALDEORRAS,Ourense,Vilamartín de Valdeorras,32340.0,PLAZA MIGUEL ESTEVEZ. S/N,"42,4115712","-7,061442",España
80,14114,AGUILAR DE CAMPOO,Palencia,Aguilar de Campoo,34800.0,BARRIO ESTACION FERROCARRIL. 18 - 19,"42,785252","-4,2338473",España
72,14102,AMUSCO,Palencia,Amusco,34420.0,CARRETERA P-983 - ESTACION FERROCARRIL. S/N,"42,1781783","-4,4804909",España
84,15003,BECERRIL,Palencia,Becerril de Campos,34310.0,CARRETERA P-953 - ESTACION FERROCARRIL. S/N,"42,1047567","-4,6470894",España
86,15006,CISNEROS,Palencia,Cisneros,34320.0,CARRETERA P-932 - ESTACION FERROCARRIL. S/N,"42,1910681","-4,8502058",España
42,10605,DUEÑAS,Palencia,Dueñas,34210.0,CALLE ESTACION FERROCARRIL. 7,"41,8712672","-4,5407883",España
82,14117,EL CARRION,Palencia,Monzón de Campos,34410.0,CALLE CAMINO BECERRIL. S/N,"42,116362","-4,496319",España
76,14108,ESPINOSA DE VILLAGONZALO,Palencia,Espinosa de Villagonzalo,34491.0,CALLE APEADERO. S/N,"42,478955","-4,374475",España
74,14104,FROMISTA,Palencia,Frómista,34440.0,CALLE LAS HUESAS. S/N,"42,264858","-4,402452",España
77,14111,HERRERA DEL PISUERGA,Palencia,Herrera de Pisuerga,34400.0,CARRETERA C-627 - ESTACION DE FERROCARRIL. S/N,"42,5986861","-4,3165333",España
45,11004,MAGAZ,Palencia,Magaz de Pisuerga,34220.0,AVENIDA VIRGEN DE VILLAVERDE. S/N,"41,9765365","-4,4320888",España
75,14107,OSORNO,Palencia,Osorno la Mayor,34460.0,AVENIDA CALVO SOTELO. S/N,"42,4151581","-4,3573484",España
70,14100,PALENCIA,Palencia,Palencia,34005.0,CALLE ESTACION DEL NORTE. 5,"42,015584","-4,534037",España
85,15004,PAREDES DE NAVA,Palencia,Paredes de Nava,34300.0,AVENIDA BERRUGUETE. 38,"42,1507267","-4,697486",España
46,11006,QUINTANA DEL PUENTE,Palencia,Quintana del Puente,34250.0,CALLE ASELMO ARENILLAS. S/N,"42,0800306","-4,1985943",España
44,11000,VENTA DE BAÑOS,Palencia,Venta de Baños,34200.0,CALLE LINEA FERROCARRIL. 3 - 7,"41,9168511","-4,4962752",España
87,15007,VILLADA,Palencia,Villada,34340.0,CALLE ESTACION NORTE. S/N,"42,2452341","-4,9705373",España
163,22106,ARBO,Pontevedra,Arbo,36430.0,RUA DA ESTACION. 2,"42,1069927","-8,3002144",España
175,23002,ARCADE,Pontevedra,Soutomaior,36690.0,RUA ROSALIA DE CASTRO. S/N,"42,3404447","-8,6104633",España
165,22108,AS NEVES,Pontevedra,Neves. As,36440.0,CARRETERA EP-4203 - ESTACION FERROCARRIL. S/N,"42,0754353","-8,4201118",España
167,22110,CALDELAS,Pontevedra,Tui,36729.0,CARRETERA PO-404 - ESTACION FERROCARRIL. S/N,"42,0557889","-8,566391",España
179,23009,CATOIRA,Pontevedra,Catoira,36612.0,PRAZA DO DOCTOR JOSE R. VAZQUEZ. 1 - RUA DA ESTACION. S/N,"42,6722202","-8,7253854",España
174,23001,CESANTES,Pontevedra,Redondela,36693.0,ESTRADA PRAIA DE CESANTES. 80,"42,3101953","-8,6164619",España
160,22103,FILGUEIRA,Pontevedra,Crecente,36420.0,CARRETERA PO-401 - ESTACION FERROCARRIL. S/N,"42,2199566","-8,1848025",España
161,22104,FRIEIRA,Pontevedra,Crecente,36428.0,CARRETERA OR-412 - ESTACION FERROCARRIL. S/N,"42,154972","-8,2001702",España
203,31308,LALIN,Pontevedra,Lalín,36519.0,CARRETERA PO-534 Y CALLE BOTOS - ESTACION FERROCARRIL. S/N,"42,6325351","-8,1426426",España
169,22201,O PORRIÑO,Pontevedra,Porriño. O,36400.0,RUA ESTACION FERROCARRIL. 9,"42,1640956","-8,6220121",España
180,23010,PONTECESURES,Pontevedra,Pontecesures,36640.0,RUA ESTACION FERROCARRIL. 2,"42,7229746","-8,6521346",España
176,23004,PONTEVEDRA,Pontevedra,Pontevedra,36003.0,AVENIDA DE LA ESTACION. S/N,"42,42164","-8,63583",España
183,23018,PONTEVEDRA-UNIVERSIDAD,Pontevedra,Pontevedra,36002.0,AVENIDA BUENOS AIRES. 74 - CAMINO DA VIA - ESTACION FERROCARRIL. S/N,"42,4388295","-8,6303782",España
177,23005,PORTELA,Pontevedra,Barro,36692.0,CARRETERA EP-0506 - ESTACION FERROCARRIL. S/N,"42,5177336","-8,6545656",España
162,22105,POUSA-CRECENTE,Pontevedra,Crecente,36493.0,CALLE POUSA - ESTACION FERROCARRIL. S/N,"42,1366863","-8,2348913",España
170,22300,REDONDELA,Pontevedra,Redondela,36800.0,CALLE ALDEA PORTELA. 83,"42,2860395","-8,6194152",España
21,8224,REDONDELA-AV,Pontevedra,Redondela,36818.0,ESTRADA DE PAZOS. 10,"42,284533","-8,603713",España
173,23000,REDONDELA-PICOTA,Pontevedra,Redondela,36800.0,CAMIÑO CARRASCAL. 10,"42,2867756","-8,60741",España
166,22109,SALVATERRA,Pontevedra,Salvaterra de Miño,36450.0,RUA MARQUES DE VIANA. S/N,"42,0816074","-8,4952202",España
164,22107,SELA,Pontevedra,Arbo,36494.0,CARRETERA PO-400 ESTACION FERROCARRIL. S/N,"42,0920451","-8,3559662",España
172,22401,TUI,Pontevedra,Tui,36715.0,AVENIDA LA CONCORDIA. 71,"42,0565541","-8,6430108",España
171,22308,VIGO-GUIXAR,Pontevedra,Vigo,36201.0,RUA AREAL. S/N,"42,239273","-8,7153479",España
178,23008,VILAGARCIA DE AROUSA,Pontevedra,Vilagarcía de Arousa,36600.0,AVENIDA DOUTOR MOREIRA CASAL. 20,"42,6019751","-8,7622662",España
580,81102,AGONCILLO,Rioja. La,Agoncillo,26160.0,CALLE JOSE MARIA DE LA VEGA. S/N,"42,4435948","-2,2916232",España
581,81105,ALCANADRE,Rioja. La,Alcanadre,26509.0,CALLE CARRETERA ESTACION. 49,"42,4074871","-2,1222005",España
585,81110,ALFARO,Rioja. La,Alfaro,26540.0,AVENIDA DE LA VIA. S/N,"42,1864833","-1,7481719",España
579,81100,LOGROÑO,Rioja. La,Logroño,26003.0,AVENIDA DE COLON. 83,"42,4575947","-2,4406833",España
584,81109,RINCON DE SOTO,Rioja. La,Rincón de Soto,26550.0,CALLE ESTACION FERROCARRIL. 2,"42,2301894","-1,8477929",España
227,34014,ALDEALENGUA,Salamanca,Aldealengua,37350.0,CARRETERA SA-804 - ESTACION FERROCARRIL. S/N,"40,9797942","-5,5531967",España
225,34012,BABILAFUENTE,Salamanca,Babilafuente,37330.0,CARRETERA DSA-650 - ESTACION FERROCARRIL. S/N,"40,9723606","-5,430571",España
212,32004,CANTALAPIEDRA,Salamanca,Cantalapiedra,37400.0,PASEO ESTACION FERROCARRIL - CALLE CARDILLARES. S/N,"41,1333609","-5,1829996",España
217,33013,CIUDAD RODRIGO,Salamanca,Ciudad Rodrigo,37500.0,PASEO ESTACION FERROCARRIL. 25,"40,6087348","-6,530465",España
213,32006,EL PEDROSO DE LA ARMUÑA,Salamanca,Pedroso de la Armuña. El,37410.0,PASEO DE LA ESTACION. 53,"41,0798874","-5,4060954",España
218,33016,FUENTES DE OÑORO,Salamanca,Fuentes de Oñoro,37481.0,CALLE GABRIEL Y GALAN. 4,"40,5985473","-6,8245499",España
215,32008,GOMECELLO,Salamanca,Gomecello,37420.0,CARRETERA PEDROSILLO. 6,"41,0418311","-5,5415499",España
216,32009,MORISCOS,Salamanca,Moriscos,37430.0,CARRETERA DSA-610 - ESTACION FERROCARRIL. S/N,"41,0116521","-5,5847795",España
223,34010,PEÑARANDA DE BRACAMONTE,Salamanca,Peñaranda de Bracamonte,37300.0,RONDA ESTACION FERROCARRIL. 15,"40,8980292","-5,2064124",España
214,32007,PITIEGUA,Salamanca,Pitiegua,37490.0,CALLE VILLAVERDE. S/N,"41,063766","-5,4741063",España
187,30100,SALAMANCA,Salamanca,Salamanca,37004.0,PASEO DE LA ESTACION. 122,"40,9718729","-5,6484306",España
226,34013,SAN MORALES,Salamanca,San Morales,37340.0,CARRETERA DSA-650 - ESTACION FERROCARRIL. S/N,"40,984155","-5,4927959",España
62,12008,GUDILLOS,Segovia,Espinar. El,40400.0,CAMINO DE GUDILLOS. S/N,"40,7169045","-4,157703",España
65,12011,LOS ANGELES DE SAN RAFAEL,Segovia,Otero de Herreros,40424.0,URBANIZACION LOS ANGELES DE SAN RAFAEL. S/N,"40,778532","-4,2073718",España
63,12009,SAN RAFAEL,Segovia,Espinar. El,40410.0,BARRIO DE SAN RAFAEL. S/N,"40,7149439","-4,1813829",España
69,12100,SEGOVIA,Segovia,Segovia,40006.0,CALLE OBISPO QUESADA. 1,"40,934241","-4,113537",España
19,8004,SEGOVIA-GUIOMAR,Segovia,Segovia,40006.0,PASEO CAMPOS DE CASTILLA. S/N,"40,9101867","-4,0948827",España
1,1003,ARAHAL,Sevilla,Arahal,41600.0,CALLE VIRGEN DE LOS DOLORES. S/N,"37,268141","-5,5484006",España
284,43008,CARRION DE LOS CESPEDES,Sevilla,Carrión de los Céspedes,41820.0,CARRETERA SE-637 - ESTACION FERROCARRIL. S/N,"37,36902","-6,335012",España
272,40108,GUADALCANAL,Sevilla,Guadalcanal,41390.0,CARRETERA SE-165 - ESTACION FERROCARRIL. S/N,"38,0903071","-5,8034699",España
2,1005,MARCHENA,Sevilla,Marchena,41620.0,AVENIDA MAESTRO SANTOS RUANO. 8,"37,3342501","-5,4254295",España
4,1009,PEDRERA,Sevilla,Pedrera,41566.0,CALLE MANUEL ARANDA. 3,"37,2223527","-4,893696",España
596,84101,ALMAZAN-VILLA,Soria,Almazán,42200.0,AVENIDA ESTACION FERROCARRIL. 9,"41,488985","-2,52522",España
595,82100,SORIA,Soria,Soria,42005.0,CALLE CARRETERA MADRID. S/N,"41,7552817","-2,4754959",España
510,73101,ALCOVER,Tarragona,Alcover,43460.0,PASSEIG DE L' ESTACIO. S/N,"41,2615791","1,1741561",España
495,71502,ALTAFULLA-TAMARIT,Tarragona,Altafulla,43008.0,CARRETERA TV-2023 - CARRER DE LA FASSINA - ESTACION FERROCARRIL. S/N,"41,1367887","1,3741011",España
483,71211,ASCO,Tarragona,Ascó,43791.0,PLAÃA DE L'ESTACIO. S/N,"41,1823587","0,5690063",España
379,65409,CAMBRILS,Tarragona,Cambrils,43850.0,AVENIDA VIRGEN DE MONTSERRAT. S/N,"41,069347","1,0529506",España
14,4104,CAMP DE TARRAGONA,Tarragona,Tarragona,43765.0,CALLE MAS L HEREUET. S/N,"41,1921826","1,273878",España
372,65401,CAMP-REDO,Tarragona,Tortosa,43897.0,CALLE ESTACIO DE FERROCARRIL. S/N,"40,7591771","0,5558199",España
486,71302,CAPÇANES,Tarragona,Capçanes,43776.0,CARRETERA TV-3002 - CARRER DE LLABERIA - ESTACION FERROCARRIL. S/N,"41,1020781","0,780339",España
489,71305,DUESAIGÜES-L'ARGENTERA,Tarragona,Argentera. L',43773.0,CARRETERA T-343 - ESTACION FERROCARRIL. S/N,"41,1436386","0,9208351",España
485,71301,ELS GUIAMETS,Tarragona,Guiamets. Els,43777.0,CARRETERA TV-3031 - ESTACION FERROCARRIL. S/N,"41,095923","0,7476965",España
480,71208,FAIO-LA POBLA DE MASSALUCA,Tarragona,Pobla de Massaluca. La,43783.0,CARRETERA TV-7231 - ESTACION DE FERROCARRIL. S/N,"41,2250145","0,3510729",España
482,71210,FLIX,Tarragona,Flix,43750.0,PLAÃA SANT JAUME. S/N,"41,229399","0,5400743",España
373,65402,L'ALDEA-AMPOSTA-TORTOSA,Tarragona,Aldea. L',43896.0,CALLE ARRABAL DE RAMON. S/N,"40,7535546","0,6142432",España
376,65405,L'AMETLLA DE MAR,Tarragona,Ametlla de Mar. L',43860.0,CARRER GOYA. S/N,"40,8861982","0,8004373",España
375,65404,L'AMPOLLA-PERELLO-DELTEBRE,Tarragona,Ampolla. L',43895.0,PLAÃA FRANCESC MACIA. S/N,"40,8120007","0,7082488",España
505,73007,L'ESPLUGA DE FRANCOLI,Tarragona,Espluga de Francolí. L',43440.0,CAMI L'ESTACIO FERRORARRIL. S/N,"41,400627","1,1033167",España
377,65407,L'HOSPITALET DE L'INFANT,Tarragona,Vandellòs i l'Hospitalet de l'Infant,43890.0,CARRER L'ESTACIO FERROCARRIL. S/N,"40,9958894","0,9207072",España
509,73100,LA PLANA-PICAMOIXONS,Tarragona,Valls,43491.0,CARRETERA T-743 - KM. 553 - ESTACION FERROCARRIL. S/N,"41,3060974","1,1949549",España
508,73010,LA RIBA,Tarragona,Riba. La,43450.0,CARRETERA TV-7044 - ESTACION FERROCARRIL. S/N,"41,3184699","1,1812863",España
511,73102,LA SELVA DEL CAMP,Tarragona,Selva del Camp. La,43470.0,PASSEIG L'ESTACIO FERROCARRIL. S/N,"41,2112675","1,1439237",España
491,71307,LES BORGES DEL CAMP,Tarragona,Borges del Camp. Les,43350.0,CARRER ESTACIO FERROCARRIL. S/N,"41,1664731","1,0221315",España
487,71303,MARÇA-FALSET,Tarragona,Marçà,43775.0,CARRETERA T-300 - ESTACION FERROCARRIL. S/N,"41,1308992","0,8103526",España
378,65408,MONT-ROIG DEL CAMP,Tarragona,Mont-roig del Camp,43892.0,CARRETERA N-340 - PARTIDA POBLAS. S/N,"41,0449873","0,9906773",España
506,73008,MONTBLANC,Tarragona,Montblanc,43400.0,AVINGUDA DE L'ESTACIO. 16,"41,3765805","1,1655496",España
484,71300,MORA LA NOVA,Tarragona,Móra la Nova,43770.0,CAMI L'ESTACIO FERROCARRIL. S/N,"41,1065208","0,653247",España
527,76003,NULLES-BRAFIM,Tarragona,Nulles,43887.0,PASSEIG L'ESTACIO FERROCARRIL. 1,"41,2503055","1,2975247",España
381,65411,PORT AVENTURA,Tarragona,Salou,43840.0,AVENIDA JOAN FUSTER. S/N,"41,0891944","1,1463882",España
488,71304,PRADELL,Tarragona,Pradell de la Teixeta,43774.0,CARRETERA TV-3223 - ESTACION FERROCARRIL. S/N,"41,133329","0,8586158",España
492,71400,REUS,Tarragona,Reus,43203.0,PLAÃA DE L'ESTACIO FERROCARRIL. S/N,"41,1604541","1,1001041",España
481,71209,RIBA-ROJA D'EBRE,Tarragona,Riba-roja d'Ebre,43790.0,CARRETERA TV-7411 - ESTACION FERROCARRIL. S/N,"41,2485589","0,4810704",España
490,71306,RIUDECANYES-BOTARELL,Tarragona,Riudecanyes,43771.0,CARRETERA T-3131 - ESTACION FERROCARRIL. S/N,"41,1400222","0,9756851",España
497,72100,RODA DE BARA,Tarragona,Roda de Berà,43883.0,CARRETERA TV-2401 - ESTACION DE FERROCARRIL. S/N,"41,1839275","1,4401676",España
498,72101,RODA DE MAR,Tarragona,Roda de Berà,43883.0,CARRER LES FLORES. S/N,"41,1864363","1,4555183",España
525,76001,SALOMO,Tarragona,Salomó,43885.0,CARRETERA T-202 - ESTACION FERROCARRIL. S/N,"41,2234726","1,3766084",España
380,65410,SALOU,Tarragona,Salou,43840.0,CALLE CARLES ROIG. S/N,"41,0774589","1,1291961",España
494,71500,TARRAGONA,Tarragona,Tarragona,43004.0,PASSEIG DE ESPANYA. S/N,"41,1115634","1,253232",España
496,71503,TORREDEMBARRA,Tarragona,Torredembarra,43830.0,PASSEIG DE MIRAMAR. 118,"41,1427985","1,4057036",España
371,65400,TORTOSA,Tarragona,Tortosa,43500.0,CALLE POETA VICENTE I GARCIA. 6 - 12,"40,8072878","0,5230081",España
369,65314,ULLDECONA-ALCANAR-LA SENIA,Tarragona,Ulldecona,43550.0,PASSEIG DE L'ESTACIO. S/N,"40,5959442","0,4492822",España
528,76004,VALLS,Tarragona,Valls,43800.0,PLAÃA DE L'ESTACIO. S/N,"41,2895851","1,2587537",España
493,71401,VILA-SECA,Tarragona,Vila-seca,43480.0,CARRER DE GALCERAN DE PINOS. S/N,"41,1128032","1,1503332",España
526,76002,VILABELLA,Tarragona,Vilabella,43886.0,CARRETERA TV-2032 - ESTACION FERROCARRIL. S/N,"41,2395538","1,3174915",España
507,73009,VILAVERD,Tarragona,Vilaverd,43490.0,CALLE CARRERMAYOR. S/N,"41,3376004","1,1764993",España
504,73006,VIMBODI I POBLET,Tarragona,Vimbodí i Poblet,43430.0,PASSEIG DEL MESTRE GARCIA. 1,"41,4026952","1,0459896",España
413,67021,CALAMOCHA,Teruel,Calamocha,44200.0,CARRETERA N-234 - ESTACION FERROCARRIL. S/N,"40,9034355","-1,3004167",España
414,67100,CAMINREAL-FUENTES CLARAS,Teruel,Caminreal,44350.0,CARRETERA CV-4301 - ESTACION FERROCARRIL. S/N,"40,8504763","-1,3380704",España
410,67018,CUENCABUENA,Teruel,Calamocha,44495.0,CARRETERA TE-19 - ESTACION FERROCARRIL. S/N,"41,0093948","-1,2546971",España
409,67017,FERRERUELA,Teruel,Ferreruela de Huerva,44490.0,CARRETERA A-2510 - ESTACION DE FERROCARRIL. S/N,"41,0634645","-1,2379394",España
474,71200,LA PUEBLA DE HIJAR,Teruel,Puebla de Híjar. La,44510.0,PLAZA DEL REINO DE ARAGON. 1,"41,224432","-0,438385",España
411,67019,LECHAGO,Teruel,Calamocha,44495.0,AUTOVIA MUDEJAR A-23 - ESTACION FERROCARRIL. S/N,"40,9576557","-1,2690956",España
419,67113,MONREAL DEL CAMPO,Teruel,Monreal del Campo,44300.0,CALLE TERUEL. S/N,"40,7965976","-1,3565684",España
424,67206,MORA DE RUBIELOS,Teruel,Mora de Rubielos,44477.0,CALLE ESTACION FERROCARRIL MORA. 1,"40,117977","-0,7733837",España
412,67020,NAVARRETE,Teruel,Calamocha,44496.0,CARRETERA A-2512 - ESTACION FERROCARRIL. S/N,"40,9368706","-1,2616324",España
422,67203,PUEBLA DE VALVERDE,Teruel,Puebla de Valverde. La,44450.0,CARRETERA TE-620 - CAMINO ESTACION FERROCARRIL. S/N,"40,2123416","-0,9438361",España
421,67202,PUERTO ESCANDON,Teruel,Puebla de Valverde. La,44442.0,CARRETERA N-234. KM. 103 - ESTACION FERROCARRIL. S/N,"40,2732626","-0,9845119",España
425,67207,RUBIELOS DE MORA,Teruel,Rubielos de Mora,44477.0,CARRETERA TE-V-6005 - ESTACION FERROCARRIL. S/N,"40,1106445","-0,7408539",España
417,67105,SANTA EULALIA DEL CAMPO,Teruel,Santa Eulalia,44360.0,BARRIO ESTACION FERROCARRIL. 8,"40,5728311","-1,3130623",España
415,67101,TORRIJO DEL CAMPO,Teruel,Torrijo del Campo,44393.0,CALLE ALEMANIA. S/N,"40,8260035","-1,3405037",España
416,67103,VILLAFRANCA DEL CAMPO,Teruel,Villafranca del Campo,44394.0,CARRETERA TE-V-9024 - ESTACION FERROCARRIL. S/N,"40,684065","-1,3578996",España
408,67016,VILLAHERMOSA,Teruel,Villahermosa del Campo,44494.0,CARRETERA TE-17 - ESTACION FERROCARRIL. S/N,"41,1085134","-1,2398555",España
339,60207,EL ROMERAL,Toledo,Romeral. El,45770.0,PLAZA ESQUINA DEL CRISTINO. S/N,"39,6940137","-3,4300228",España
386,66005,SANTA CRUZ DE LA ZARZA,Toledo,Santa Cruz de la Zarza,45370.0,AVENIDA CASTILLA LA MANCHA. S/N,"39,9729183","-3,1809388",España
338,60206,TEMBLEQUE,Toledo,Tembleque,45770.0,CALLE CAMINO DE LA CELADILLA. S/N,"39,7224617","-3,4970336",España
618,92102,TOLEDO,Toledo,Toledo,45006.0,CALLE PASEO DE LA ROSA. S/N,"39,8623647","-4,0112049",España
428,69002,BENIGANIM,Valencia/Valéncia,Benigànim,46830.0,AVENIDA BALNEARI DE BELLUS. S/N,"38,9384428","-0,4531915",España
398,66112,CAMPORROBLES,Valencia/Valéncia,Camporrobles,46330.0,CALLE ESTACION FERROCARRIL. 1,"39,6448311","-1,40283",España
430,69004,MONTABERNER,Valencia/Valéncia,Montaverner,46892.0,AVENIDA ESTACION FERROCARRIL. 20,"38,8840538","-0,4915503",España
434,69008,ONTINYENT,Valencia/Valéncia,Ontinyent,46870.0,CARRETERA CV-6620 - POLIGONO URBANO. 2,"38,8095064","-0,6025968",España
10,3213,REQUENA-UTIEL,Valencia/Valéncia,Requena,46340.0,AUTOVIA A3 - SALIDA 285,"39,5217269","-1,1346669",España
11,3216,VALENCIA JOAQUIN SOROLLA,Valencia/Valéncia,Valencia,46007.0,CALLE SAN VICENTE MARTIR. 171,"39,4600028","-0,3813222",España
209,32001,CAMPILLO,Valladolid,Campillo. El,47460.0,CALLE CAMINO CEMENTERIO. S/N,"41,259589","-5,0178259",España
40,10603,CORCOS-AGUILAREJO,Valladolid,Corcos,47281.0,CAMINO ESTACION FERROCARRIL. S/N,"41,7663972","-4,6233663",España
41,10604,CUBILLAS DE SANTA MARTA,Valladolid,Cubillas de Santa Marta,47290.0,CALLE CAMINO DEL APEADERO. S/N,"41,8089815","-4,5796172",España
210,32002,EL CARPIO,Valladolid,Carpio,47470.0,PASEO ISIDORA CARBONERA CALLE HUERTA. 11,"41,2154451","-5,114406",España
211,32003,FRESNO EL VIEJO,Valladolid,Fresno el Viejo,47480.0,CALLE CANDIDO SANCHEZ. 26,"41,1901362","-5,1379807",España
33,10500,MEDINA DEL CAMPO,Valladolid,Medina del Campo,47400.0,AVENIDA ESTACION FERROCARRIL. 27,"41,3172763","-4,9096181",España
22,8240,MEDINA DEL CAMPO A.V.,Valladolid,Medina del Campo,47400.0,CARRETERA VP-8904 DE LAS SALINAS. KM 1.500,"41,2914","-4,9227",España
189,31002,NAVA DEL REY,Valladolid,Nava del Rey,47500.0,CALLE JUAN ANTONIO CARMONA. 5,"41,3347534","-5,0767733",España
36,10503,VALDESTILLAS,Valladolid,Valdestillas,47240.0,AVENIDA VALLADOLID. S/N,"41,4887255","-4,7729556",España
43,10610,VALLADOLID UNIVERSIDAD,Valladolid,Valladolid,47011.0,CARRETERA JUAN CARLOS I. S/N,"41,6603","-4,704194",España
38,10600,VALLADOLID-CAMPO GRANDE,Valladolid,Valladolid,47007.0,CALLE RECONDO. S/N,"41,6422174","-4,7269748",España
193,31107,ABEJERA,Zamora,Riofrío de Aliste,49591.0,CARRETERA ZA-L-2450 - CALLE ESCUELA - ESTACION FERROCARRIL. S/N,"41,8094175","-6,1418293",España
195,31109,CABAÑAS DE ALISTE,Zamora,Riofrío de Aliste,49592.0,TRAVESIA PIEDRAS CABAÑAS. S/N,"41,8546058","-6,2463492",España
191,31104,CARBAJALES DE ALBA,Zamora,Carbajales de Alba,49160.0,CARRETERA ZA-P-2439 - ESTACION FERROCARRIL. S/N,"41,6815622","-5,9720564",España
192,31106,FERRERUELA DE TABARA,Zamora,Ferreruela,49550.0,CALLE APEADERO. S/N,"41,764136","-6,0738829",España
196,31112,LINAREJOS-PEDROSO,Zamora,Manzanal de Arriba,49593.0,CARRETERA ZA-P-2640 - ESTACION FERROCARRIL. S/N,"41,9469542","-6,4845953",España
197,31200,PUEBLA DE SANABRIA,Zamora,Puebla de Sanabria,49300.0,CARRETERA ESTACION FERROCARRIL. 24,"42,0456228","-6,6266696",España
194,31108,SARRACIN DE ALISTE,Zamora,Riofrío de Aliste,49591.0,CARRETERA ZA-P-1407 - ESTACION FERROCARRIL. S/N,"41,8483203","-6,205017",España
190,31006,TORO,Zamora,Toro,49800.0,BARRIO AZUCARERA DUERO - CARRETERA ESTACION. 42,"41,5118477","-5,3833163",España
188,30200,ZAMORA,Zamora,Zamora,49004.0,CARRETERA DE LA ESTACION. S/N,"41,515937","-5,7397167",España
401,67007,ARAÑALES DE MUEL,Zaragoza,Muel,50450.0,CALLE ESCALERA ARAÑALES. 8,"41,4690568","-1,0860655",España
455,70504,ATECA,Zaragoza,Ateca,50200.0,AVENIDA SAN BLAS. S/N,"41,3245706","-1,7852674",España
407,67015,BADULES,Zaragoza,Badules,50491.0,CARRETERA A-1506 - CALLE MAYOR. S/N,"41,1394432","-1,2515629",España
454,70503,BUBIERCA,Zaragoza,Bubierca,50239.0,CARRETERA N-II - ESTACION FERROCARRIL. S/N,"41,3172399","-1,8558469",España
465,70701,CALATORAO,Zaragoza,Calatorao,50280.0,AVENIDA DOTRO CARNICERO. S/N,"41,5286384","-1,3607504",España
403,67010,CARIÑENA,Zaragoza,Cariñena,50400.0,CALLE CAMINO ESTACION FERROCARRIL. 1,"41,3354867","-1,2285589",España
476,71204,CASPE,Zaragoza,Caspe,50700.0,PLAZA OBISPO CUBELES. 15,"41,239866","-0,0427502",España
452,70501,CETINA,Zaragoza,Cetina,50292.0,CALLE PALLARES. S/N,"41,2959001","-1,9598888",España
404,67011,ENCINACORBA,Zaragoza,Encinacorba,50470.0,CALLE ESTACION FERROCARRIL. 9,"41,2886981","-1,2786679",España
478,71206,FABARA,Zaragoza,Fabara,50793.0,CARRETERA A-144 - ESTACION DE FERROCARRIL. S/N,"41,234438","0,143302",España
471,71103,FUENTES DE EBRO,Zaragoza,Fuentes de Ebro,50740.0,AVENIDA LORENZO PARDO. S/N,"41,5151657","-0,618599",España
590,81206,GALLUR,Zaragoza,Gallur,50650.0,CALLE VIRGEN DEL PILAR. 2,"41,8671808","-1,3212745",España
473,71108,LA ZAIDA-SASTAGO,Zaragoza,Zaida. La,50784.0,AVENIDA ZARAGOZA. S/N,"41,3204871","-0,427001",España
591,81207,LUCENI,Zaragoza,Luceni,50640.0,AVENIDA FRANCISCO DE GOYA. 56,"41,8262594","-1,2438583",España
450,70405,MONREAL DE ARIZA,Zaragoza,Monreal de Ariza,50291.0,CARRETERA CV-937 - ESTACION FERROCARRIL. S/N,"41,2986119","-2,1098883",España
479,71207,NONASPE,Zaragoza,Nonaspe,50794.0,CARRETERA A-2411 - ESTACION FERROCARRIL. S/N,"41,213588","0,2419351",España
592,81208,PEDROLA,Zaragoza,Pedrola,50690.0,CALLE EDIFICIO DISEMINADOS. 18,"41,8050062","-1,2019686",España
469,70705,PLASENCIA DE JALON,Zaragoza,Plasencia de Jalón,50296.0,AVENIDA ESTACION FERROCARRIL - BARRIO DE LA VENTA. 6,"41,6894768","-1,234261",España
462,70606,PURROY,Zaragoza,Morés,50247.0,CARRETERA ZP-1129 - ESTACION FERROCARRIL. S/N,"41,4771806","-1,5400778",España
464,70700,RICLA-LA ALMUNIA,Zaragoza,Ricla,50270.0,AVENIDA GOYA. S/N,"41,5014644","-1,402843",España
468,70704,RUEDA DE JALON-LUMPIAQUE,Zaragoza,Rueda de Jalón,50295.0,CARRETERA A-2304 - ESTACION FERROCARRIL. S/N,"41,6391743","-1,2815663",España
477,71205,VAL DE PILAS,Zaragoza,Caspe,50709.0,CAMINO DE LA FRESA - ESTACION FERROCARRIL. S/N,"41,2295857","0,0732292",España
406,67014,VILLADOZ,Zaragoza,Villadoz,50490.0,CARRETERA A-2509 - ESTACION FERROCARRIL. S/N,"41,1655526","-1,2788559",España
531,78100,ZUERA,Zaragoza,Zuera,50800.0,PLAZA DEL CANFRANC. 8,"41,8772888","-0,7641418",España
32,10409,AREVALO,Ávila,Arévalo,5200.0,CALLE DEPOSITO. S/N,"41,0471235","-4,7019727",España
221,34007,CRESPOS,Ávila,Crespos,5300.0,CARRETERA AVP-115 - ESTACION FERROCARRIL. S/N,"40,8700754","-4,9679924",España
222,34008,NARROS DEL CASTILLO,Ávila,Narros del Castillo,5369.0,CARRETERA AVP-627 - ESTACION FERROCARRIL. S/N,"40,8665849","-5,0527564",España
220,34005,SAN PEDRO DEL ARROYO,Ávila,San Pedro del Arroyo,5350.0,CALLE ESTACION FERROCARRIL. S/N,"40,8038378","-4,871408",España
