Song_Index,Song,Artist,Track_No_,AlbumID_Rank,BPM,Energy,Dance,Loud,Valence,Duration,Acoustic,Popularity,Spotify_Song
2000,Aenima,Tool,1,18,0,0,0,0,0,,0,0,
2003,The While Album,Diamond Head,1,42,0,0,0,0,0,,0,0,
2001,Hail to England,Manowar,1,87,0,0,0,0,0,,0,0,
2002,Torture Garden,Naked City,1,91,0,0,0,0,0,,0,0,
524,Capsized,Kyuss,11,41,123,28,66,-20,4,00:56,66,29,4NrOXecpvKxTkN4nbPQ6my
527,Yeah,Kyuss,14,41,0,0,0,-30,0,00:04,79,0,0s6BnZCanXlkFA3xb9WRT1
1031,The Winds Of Mayhem (outro),Bathory,10,81,62,4,11,-35,0,00:23,94,0,5HVAOimlVzw7zGwkUKa1vL
1003,Acrid Placidity,Meshuggah,6,79,100,15,40,-20,4,03:16,17,0,1AikJLUJAoyeoeLrUGU9Lo
1128,Now Sports,Body Count,3,90,0,29,0,-26,0,00:05,92,0,4Kr4yfjeBXpCndPwg3E20f
1130,A Statistic,Body Count,5,90,0,41,0,-20,0,00:06,92,0,1hzMQFF0qKPaLg2TQ1H3dC
1134,C Note,Body Count,9,90,117,12,18,-20,21,01:36,85,27,1aed1F9qd01nQwANed7LzY
1138,Oprah,Body Count,13,90,0,18,0,-28,0,00:07,22,0,1r8vIPSSI5Ys1VHXrCFcMX
1162,Knuckle Duster - Radio 1-A,White Zombie,2,93,137,30,52,-27,32,00:24,91,1,2VYTfHAnu4QYn9VkwlXoh3
1169,Knuckle Duster - Radio 2-B,White Zombie,9,93,110,8,63,-30,96,00:25,98,0,48UTETcEXWbjHsBimngZPr
1171,One Big Crunch,White Zombie,11,93,83,48,49,-28,4,00:22,99,0,0jVNv7MUMbdgNT1RluW3RB
3,Planet Caravan - 2013 Remaster,Black Sabbath,3,1,90,6,37,-29,34,04:29,94,52,2VDg6h3Qr3F8UuFVInQxE6
218,FX - 2014 Remaster,Black Sabbath,4,14,158,9,55,-28,9,01:39,99,32,3tZEhhWeo5y5fNZG4ucTPe
420,Don't Start (Too Late) - 2013 Remaster,Black Sabbath,2,32,137,4,37,-34,38,00:49,91,30,57AKaqMXi2wwU2omItTYWi
446,Orchid - 2014 Remaster,Black Sabbath,5,34,101,5,49,-29,63,01:31,75,41,7f5pVscGqWGPmzyAJ3thAI
448,Solitude - 2014 Remaster,Black Sabbath,7,34,111,2,34,-29,54,05:02,83,45,0wjptUxT1jhKZ3Xm4lX8OF
674,Monday,Life Of Agony,3,58,85,17,28,-32,9,01:31,89,20,7MaY0LeEBgl36I9W7NlM4R
678,Thursday,Life Of Agony,7,58,116,24,58,-29,20,02:13,93,18,3Bts5MFHG5QQaOJMJOJqSv
684,Friday,Life Of Agony,13,58,80,44,26,-30,5,03:35,68,15,2L9PaGL1kIabdIt7irch2g
1092,Intro,Pig Destroyer,1,88,120,19,48,-27,48,00:41,53,16,0wcJSmPe2fNY0Kb9Bcx79f
1022,Nocturnal Obeisance,Bathory,1,81,125,34,17,-22,3,01:27,39,0,3xwn6rvhdI1iTFeaieLsMM
591,Become the Ocean,Neurosis,7,49,77,50,18,-22,19,01:27,4,18,1BpIsdibg1tudFkLDPerzQ
1132,The Real Problem,Body Count,7,90,0,22,0,-22,0,00:12,67,0,60t356zDXP421A3kENM4mr
982,Into the Dead Sky,At The Gates,5,77,128,30,50,-22,27,02:13,76,26,2mperrZFTlXtaLAngA3xZv
967,Nar Mattaru,Morbid Angel,9,75,119,39,34,-22,8,02:07,52,13,5hVwGj7blf91sFRKT8GgQt
797,I Remember Now - Remastered 2003,Queensrÿche,1,67,89,28,54,-22,6,01:17,74,31,5b85fn016yCsXMCMKuL87C
522,800,Kyuss,9,41,177,60,42,-19,52,01:34,16,30,2VIsT3MooNAxWpOLgvQLpL
940,Mayhem with Mercy,Venom,4,74,81,42,33,-19,7,00:59,78,24,6Ugq3gbUSE1Ot7B8broguU
718,Ligature,Melvins,3,60,119,18,49,-19,28,03:49,2,25,6qvbeaKX7oEqpXZgcFa7dF
766,Locust Furnace,Godflesh,10,64,139,51,42,-19,13,04:43,0,13,2qnoLugddBszuRbyOzQLCK
107,Dee - Remastered,Ozzy Osbourne,4,9,138,7,57,-19,68,00:50,85,37,1198Lmq0eiMzpJ4ZKzMojn
628,3.O.I.F.,Type O Negative,11,53,82,61,12,-19,3,02:06,33,21,2YURBB7UISqxi1UpnwNOAX
923,(Untitled),ISIS,5,72,167,86,15,-18,3,02:06,93,8,1B6Zg7KrHL9QwpFbHpbcXl
516,Molten Universe,Kyuss,3,41,168,48,26,-18,13,02:50,3,35,66i8MjAq8kyUobMzo8zYNc
648,Patterns in the Ivy,Opeth,7,55,132,26,63,-18,46,01:50,94,33,0efi9kXISVqzXTVvvjP6VR
719,It's Shoved,Melvins,4,60,130,38,64,-18,96,02:36,0,27,0eWtU3lhxXeTHF9vP1wLZj
586,Rehumanize,Neurosis,2,49,79,52,39,-18,14,01:46,65,22,5BBfllI8hk4r2GK7bWtCzl
521,Freedom Run,Kyuss,8,41,170,55,25,-17,51,07:37,8,33,2lFY4hpaQxPG2HjHzSAUXc
525,Allen's Wrench,Kyuss,12,41,102,66,44,-17,61,02:44,1,31,5Ifvup5EBJ76HrDwQ1645K
716,Boris,Melvins,1,60,127,26,50,-17,14,08:35,27,32,7up6lmFT6F3k9ld2hsXeht
757,Like Rats,Godflesh,1,64,141,70,55,-17,26,04:28,0,28,4kr3TSDNNOdv09snNWytEo
759,Pulp,Godflesh,3,64,118,57,61,-17,63,04:17,0,18,6qCecc5VRExiWbiDDf3l3E
762,Devastator,Godflesh,6,64,115,60,48,-17,37,03:21,0,14,71zsMGW35k1i83sgVv9mDO
764,Life Is Easy,Godflesh,8,64,95,58,33,-17,10,04:54,0,13,3RL6tJs02Vc1r9mJm4HPwz
765,Streetcleaner,Godflesh,9,64,149,74,45,-17,42,06:46,0,16,1yhrNiagoP9JXDvUG7ahCs
1180,Windows,Deafheaven,6,94,85,32,17,-17,4,04:43,78,1,1NClfLPFneHXcvHSkF64JK
222,Laguna Sunrise - 2014 Remaster,Black Sabbath,8,14,82,18,33,-17,26,02:50,51,34,28rnaH091tr3WwaP87faiC
625,Dark Side of the Womb,Type O Negative,8,53,187,47,29,-17,35,00:28,5,0,4ghhm0m3Cxw9tOZCcNnA4s
514,Thumb,Kyuss,1,41,125,60,29,-16,19,04:42,14,40,4G9nfjycMbM4beqEheM145
721,If I Had An Exorcism,Melvins,6,60,124,42,27,-16,19,03:07,0,24,6OwKzxjtxonYeMdkrf3yAS
722,Your Blessened,Melvins,7,60,118,24,41,-16,33,05:39,0,20,76K8cvWGrfxux1pwPU1E5D
758,Christbait Rising,Godflesh,2,64,170,60,50,-16,29,06:59,0,22,4qVI1SgIKvAjFFQgkLGMKT
760,Dream Long Dead,Godflesh,4,64,141,52,56,-16,24,05:18,0,18,01gRw9my2insTSqLK7Z1O0
761,Head Dirt,Godflesh,5,64,118,53,25,-16,25,06:08,0,16,1hymf5XDfHvg7oYJ8vOxtx
763,Mighty Trust Krusher,Godflesh,7,64,127,63,24,-16,4,05:30,0,15,288uCQ0mWfftrMh2VlAz81
769,Dead Head,Godflesh,13,64,170,81,29,-16,53,04:07,0,13,3SQlpboSnvp81efJLbWc0Y
1126,Smoked Pork,Body Count,1,90,107,40,65,-16,31,00:47,58,29,77EfELhVYaha8yn4VXpHkL
1154,Laugh It Off - remastered 2007,Eyehategod,12,92,97,77,60,-16,64,01:35,96,13,2hXzOjbM5VzefZYXa5AlEF
988,The Flames of the End,At The Gates,11,77,78,44,38,-16,8,02:58,0,24,2z8YnF6wRLwMhq0YQSEY78
369,Human (Intro),Celtic Frost,1,28,48,44,22,-16,4,00:41,92,19,3YCsdyb6McJe5VDtycTvf2
829,Prelude (The Family Trip),Marilyn Manson,1,68,72,47,41,-16,48,01:21,45,31,4ymIihKTFmk3s0wrgud1kU
1216,Alice,Sunn 0))),4,98,75,14,8,-15,4,16:20,67,19,7n6WNQidHGzHm0TQHWV7aH
518,Thong Song,Kyuss,5,41,94,47,36,-15,45,03:47,0,34,4K9umAd9TkXbPld2Bx4v8c
520,Caterpillar March,Kyuss,7,41,120,75,21,-15,63,01:56,1,32,7pZzHuO7AmnmJzw4iSR8Mb
523,Writhe,Kyuss,10,41,86,66,41,-15,60,03:42,2,33,0ZDXI91Cf66bJRs3oG12xt
526,Mondo Generator,Kyuss,13,41,85,72,18,-15,34,06:16,14,30,6nEC3SbDCB7BgPNU3nXLQh
997,Batman,Voivod,9,78,146,90,34,-15,9,01:46,0,10,1OLDOgUqbRxnNlqME7vl0c
717,Anaconda,Melvins,2,60,136,54,37,-15,48,02:23,0,28,1A8lR2uTjziPQq8uo0MwNX
720,Zodiac,Melvins,5,60,130,70,29,-15,42,04:14,0,27,0F1oPyEZ7fyNsYJstJBKD0
723,Cow,Melvins,8,60,149,78,44,-15,14,04:31,0,19,76P7RkUdjbLA8ICp0ERJG4
767,Tiny Tears,Godflesh,11,64,156,94,39,-15,48,03:24,0,12,751NbTuCv0ZNQJL88qD6aJ
768,Wound,Godflesh,12,64,128,83,47,-15,28,03:07,0,11,4sPVFU8E75eKFXlD8ozdM4
770,Suction,Godflesh,14,64,156,92,39,-15,36,03:24,0,11,2hftsD070p8o8nItCxCHaJ
1148,Disturbance - remastered 2007,Eyehategod,6,92,81,73,19,-15,7,07:02,86,19,0HgYlaTyGuQSQtEHoQjKhv
687,Lucid Fairytale,Napalm Death,3,59,116,70,30,-15,19,01:04,0,13,3kZpNo5k3D5E2MpQgczFRT
688,Private Death,Napalm Death,4,59,107,74,30,-15,26,00:36,0,10,02f10Mxrtj4IahrpifC6BN
692,Cock-Rock Alienation,Napalm Death,8,59,113,87,22,-15,23,01:22,0,10,5jhPPLDvoDGjO5CbvxndpL
1188,Wait for Sleep,Dream Theater,7,95,110,37,30,-15,23,02:32,28,41,7LaaIr1D8CjH1tc7ERTr8A
519,Apothecaries' Weight,Kyuss,6,41,177,51,24,-14,41,05:21,1,33,6ZUsVj3kuS0LY2izJJcymE
1204,Unicorn,Gojira,4,97,153,39,64,-14,40,02:09,45,34,03C8y1en48wMpca3qomxqF
1210,From Mars,Gojira,10,97,126,59,51,-14,35,02:25,31,34,4gdSgHwfMeB6Ri5fS43SUW
990,Tribal Convictions,Voivod,2,78,132,82,29,-14,55,04:52,0,22,2lwgBPc3ROzHmISeNqAark
992,Technocratic Manipulators,Voivod,4,78,83,88,16,-14,34,04:36,0,14,0l5BFEXWjCz3zF05GZnW3D
568,Joseph Merrick - Instrumental,Mastodon,10,46,95,31,48,-14,11,03:33,24,33,10DrDEatayhTM9dx9FIHSF
385,Kaiowas,Sepultura,5,29,92,50,47,-14,27,03:44,11,40,4jTIQTToQuxOTTgOzRyzFh
1176,Irresistible,Deafheaven,2,94,103,24,65,-14,4,03:13,97,4,3EAUSlUzVTLhxLn8Fhpz5V
685,Evolved As One,Napalm Death,1,59,119,60,38,-14,36,03:14,0,13,5ABrjtEXsp56zD4MAJoGdK
686,It's A M.A.N.S. World!,Napalm Death,2,59,109,90,28,-14,13,00:55,0,13,1fO2BQABQk9TcvsJjbmtQ7
689,Impressions,Napalm Death,5,59,98,74,23,-14,7,00:35,0,10,3VJuHwQWhNjDcKvW7ahahj
690,Unchallenged Hate,Napalm Death,6,59,104,79,24,-14,54,02:08,0,20,3Kg9wUgkdZAr2a8DZOtMt4
693,Retreat To Nowhere,Napalm Death,9,59,111,69,39,-14,17,00:30,0,9,6rp0SRh2O0zp5Glpfd5QlJ
694,Think For A Minute,Napalm Death,10,59,113,89,31,-14,23,01:44,0,9,2AHamYILkHSZwshVc3daiE
695,Display To Me...,Napalm Death,11,59,107,88,24,-14,50,02:43,0,9,1b6bIDSun96OulQhMz9UOK
698,Social Sterility,Napalm Death,14,59,110,85,23,-14,28,01:04,0,9,5LMz0wpTjyf1ijxOEWSqkr
7,Rat Salad - 2013 Remaster,Black Sabbath,7,1,100,59,51,-14,45,02:31,1,42,2b8xbWvck5yh9vvEogsfqa
37,Black Sabbath - 2014 Remaster,Black Sabbath,1,5,133,43,32,-14,13,06:18,5,48,0xIZPPBfLqQEAj1BLmGrNc
424,Supertzar - 2013 Remaster,Black Sabbath,6,32,80,45,26,-14,30,03:44,85,30,48oEdT2SQwD7KX8Na70Omy
426,The Writ - 2013 Remaster,Black Sabbath,8,32,121,50,33,-14,15,08:45,3,33,7ArM7xm1YLiXzPxDlFRARB
445,Children of the Grave - 2014 Remaster,Black Sabbath,4,34,150,65,32,-14,37,05:17,8,57,5clz8BOBulxx7q2yHxqOCk
449,Into the Void - 2014 Remaster,Black Sabbath,8,34,77,54,40,-14,51,06:10,1,50,3ex9yveBIpssnR6sVvhwiR
677,Words and Music,Life Of Agony,6,58,140,59,33,-14,27,05:14,0,23,4m7Sj7Gqk4A64kQNR3hFTY
682,Method of Groove,Life Of Agony,11,58,135,76,34,-14,29,05:17,0,22,5zbYs6OWpLaXU0mqzvMDyI
683,The Stain Remains,Life Of Agony,12,58,94,60,27,-14,19,04:32,0,20,2O1mGGTZ5s48ZEQJYVjgbs
543,God Bless The Children of the Beast,Mötley Crüe,5,44,117,36,51,-14,33,01:31,74,40,14wCckwoW9dj8DUyD9nkqc
975,Don't Let Me Down,Twisted Sister,7,76,105,65,55,-14,71,04:28,0,31,7kkp5zbybXp9irVxfT2h4O
976,The Beast,Twisted Sister,8,76,166,52,40,-14,41,03:29,0,38,1znYwsMLK6c6r2DnZWHsqS
621,Fay Wray Come out and Play,Type O Negative,4,53,86,91,33,-14,5,01:03,11,24,7LhkYI8ekN0sEg4ELeoxJQ
236,Caught in the Middle,Dio,4,16,130,79,49,-13,76,04:18,2,37,55NekArnnNyOT0ngtn4fpx
241,Shame on the Night,Dio,9,16,121,65,49,-13,35,05:19,23,35,5Lep4j5Uji39k6QCkbg2DT
924,Maritime,ISIS,6,72,113,47,53,-13,77,03:03,60,9,2bpRNKT04xb2rc07LOgFaZ
949,"In League with Satan - 7"""" Version",Venom,13,74,106,83,48,-13,21,03:31,9,36,0ASlBt3KdsnokRI137AbUl
958,Snots Shit - Outtake,Venom,22,74,165,74,22,-13,12,02:06,21,13,3S7bKeUwrhBJmQ1DMreN1H
989,Experiment,Voivod,1,78,143,88,24,-13,15,06:12,0,17,5iH7uD5qgpn1lw2J5aM5Gr
991,Chaosmongers,Voivod,3,78,160,68,23,-13,41,04:42,0,15,7J4kzeT4QUHBVCOAjL4gU1
993,Macrosolutions to Megaproblems,Voivod,5,78,85,85,19,-13,15,05:35,0,14,02WvcYSSq0he8VlLPpyWqt
265,Efilnikufesin (N.F.L.),Anthrax,4,20,103,93,51,-13,40,04:55,0,37,0mN2Zf1wnsD0rg2mT4939P
266,A Skeleton In The Closet,Anthrax,5,20,100,96,54,-13,19,05:29,0,36,1oRpKSMCFZq2MVVJF9RjB1
496,Planet Caravan - 2014 Remaster,Pantera,12,39,172,39,57,-13,36,03:57,75,36,78YknDXAOrz0E9ves11vnK
1048,Cockroach En Fleur,Baroness,5,83,123,38,23,-13,30,01:50,85,30,7i8qsWg6FJOyiE90o4AMNh
1015,TV II,Ministry,3,80,170,80,21,-13,13,03:05,0,30,5vmiOClFJzyx7lpgJnt2G4
590,Strength of Fates,Neurosis,6,49,78,31,20,-13,18,09:44,1,21,6O3NHOrGfwf7KXM1EsTtHf
467,Could This Be Magic? - 2015 Remaster,Van Halen,8,36,120,42,64,-13,54,03:11,74,34,55BdGvf5VRe7eWeWv4ZG3B
691,Uncertainty Blurs The Vision,Napalm Death,7,59,95,76,33,-13,22,00:40,0,10,6OwnwvpztvLFT5isFZt647
696,From Enslavement To Obliteration,Napalm Death,12,59,107,81,25,-13,47,01:38,0,12,3BaJFoEncVasX4Si3NAkJG
697,Blind To The Truth,Napalm Death,13,59,110,67,19,-13,0,00:23,0,0,5XlEu4xZF1YMFQVkYaQlcz
703,Obstinate Direction,Napalm Death,19,59,103,91,25,-13,7,01:03,0,7,5YhKnIaGRk593j2phjCELC
1161,Welcome To Planet Motherfucker/ Psychoholic Slag,White Zombie,1,93,117,78,47,-13,20,06:21,0,45,5x8YLkZvKQDmZsD4cnCO06
5,Electric Funeral - 2013 Remaster,Black Sabbath,5,1,125,49,36,-13,28,04:50,43,49,7As8h8LJTMIritB8QwSmqr
41,A Bit of Finger / Sleeping Village / Warning - 2013 Remaster,Black Sabbath,5,5,136,55,36,-13,34,14:13,8,39,01xU5pDHQ8FfVhEi98UFMY
216,Tomorrow's Dream - 2014 Remaster,Black Sabbath,2,14,111,57,48,-13,35,03:09,5,40,0FnUHRtUgopfEoIVrGfkH0
217,Changes - 2013 Remaster,Black Sabbath,3,14,81,22,29,-13,19,04:42,3,49,3b7wNR330iKhql9dEdbNci
221,Cornucopia - 2014 Remaster,Black Sabbath,7,14,143,42,27,-13,19,03:52,22,39,2LvHtTgBgNQq4Rb0Aok859
421,Symptom of the Universe - 2013 Remaster,Black Sabbath,3,32,178,64,28,-13,47,06:29,5,45,7lwCPihf6s0609Q5uBjXrF
425,Am I Going Insane - 2013 Remaster,Black Sabbath,7,32,135,62,33,-13,39,04:14,1,30,5AZxbX5Qf1qjh1Kg9oX5ww
443,After Forever - 2014 Remaster,Black Sabbath,2,34,95,68,39,-13,47,05:26,0,44,3muMI7YXx7JU3yaaJzWVPw
447,Lord of This World - 2014 Remaster,Black Sabbath,6,34,134,56,40,-13,65,05:25,3,46,3EUJS9hmoZPYCFuUctnfCz
680,My Eyes,Life Of Agony,9,58,123,69,54,-13,41,02:45,0,21,09TJRgoaSj2x3jFlGEyh2H
681,Respect,Life Of Agony,10,58,76,67,26,-13,27,04:14,0,20,3AFxgQ48P7YX0x8PtYTnVy
972,Horror-Teria (The Beginning: Captain Howdy/Street Justice),Twisted Sister,4,76,161,65,37,-13,46,07:43,1,32,6eV3zO6rLsrbWG13i5d5wE
1213,Aghartha,Sunn 0))),1,98,130,37,21,-12,5,17:34,8,25,3szH2qrbJn3cIxfiPssgQ7
233,Stand up and Shout,Dio,1,16,109,94,49,-12,34,03:18,0,43,0j7hyKTaetFpKsCgOyGPAI
235,Gypsy,Dio,3,16,118,83,55,-12,51,03:41,0,34,2cZLW5PoX4lpLZAGH5MGHp
237,Don't Talk to Strangers,Dio,5,16,132,80,35,-12,24,04:55,9,45,0FVDva1nGzMI4IFhb5vrBq
239,Invisible,Dio,7,16,177,80,27,-12,48,05:26,1,33,768sKrvsVZDx1xclzl5pt0
946,In League with Satan,Venom,10,74,105,79,42,-12,52,03:32,0,27,5LbLX9SlqtEOnvaIZsiUqd
950,"Live Like an Angel - 7"""" Version",Venom,14,74,132,97,27,-12,4,03:54,0,17,2TP1egE9QVHlDcVMsjog5q
952,"In Nomine Satanas - 7"""" Version",Venom,16,74,113,70,39,-12,41,03:29,7,19,0tmzZv8LldcWvPHGECtPtD
994,Brain Scan,Voivod,6,78,111,87,33,-12,42,05:09,0,12,0cREdHaPDHJJ7UczArFKHu
995,Psychic Vacuum,Voivod,7,78,142,91,24,-12,33,03:51,0,13,0Ibtfy4arVM8ZreELGbnSC
996,Cosmic Drama,Voivod,8,78,121,86,27,-12,8,04:56,0,10,1jLqOVm72poy8EC6lML87X
263,Caught In A Mosh,Anthrax,2,20,106,96,36,-12,13,05:00,0,36,4fjWStUaP7aXdT0d3YxvPo
264,I Am The Law,Anthrax,3,20,154,93,36,-12,31,05:54,0,34,5DlKTTcN9LNisy6x4QuWzs
592,Aeon,Neurosis,8,49,135,35,27,-12,9,11:44,0,18,1vGmdXBUWksAsi2NlhMNwR
593,Enclosure In Flame,Neurosis,9,49,118,27,32,-12,4,10:19,1,16,6LfseiBqkTtyONP8SztCcD
594,-515,Slipknot,1,50,113,53,31,-12,8,01:00,0,38,4DwUKMDj7MgUMTuyA8ef0n
1122,Kuolema Tekee Taiteilijan,Nightwish,10,89,82,33,15,-12,9,03:59,46,0,04IEzdLzDhaYvKhXNMDMcB
936,When The Smoke Is Going Down,Scorpions,9,73,98,42,44,-12,31,03:50,2,45,1Cc1kD0xeMXZpdUinsH1mP
1178,Please Remember,Deafheaven,4,94,115,58,22,-12,3,06:26,59,3,7gTyR63h4FXXxOIXTZYDzv
1225,Hello,Evanescence,9,99,69,17,26,-12,7,03:40,90,57,0aYUqsvZG7bAslrUkd9Z0g
842,Ugly Truth,Soundgarden,1,69,130,58,39,-12,51,05:27,1,31,50qtzo7XUCP8JSgcpVcvHj
849,I Awake,Soundgarden,8,69,125,60,56,-12,19,04:21,35,24,00rg0PI2odvZNMZoVqTBYN
853,Full On,Soundgarden,12,69,133,66,41,-12,43,02:42,17,22,5xHqy0VDZEDSBdkecbfz0H
978,Blinded By Fear,At The Gates,1,77,125,99,22,-12,4,03:12,0,31,2pj2VXKSBRTmV8nuiaCKd2
981,Under a Serpent Sun,At The Gates,4,77,151,95,21,-12,18,03:59,0,29,4Jg1FIbHlwoRi0olOJxtcF
699,Emotional Suffocation,Napalm Death,15,59,101,91,26,-12,7,01:08,0,8,6pX8LfHu0lxhv4kfXX5vWf
700,Practice What You Preach,Napalm Death,16,59,102,84,34,-12,34,01:25,0,9,4hcPCdWM4kUpOBWflYCO7w
701,Inconceivable?,Napalm Death,17,59,111,86,18,-12,36,01:07,0,8,3M3xa8izsc7vDd9S37vFOT
702,Worlds Apart,Napalm Death,18,59,105,89,24,-12,4,01:25,0,7,2j2u8p3DDG8Fa8FJIapXV6
704,Mentally Murdered,Napalm Death,20,59,112,89,18,-12,45,02:16,0,9,6FBOCvFNx6C0f6tW6WrqoK
705,Sometimes,Napalm Death,21,59,93,90,21,-12,10,01:08,0,7,4nenWbNxupC2wZYA8urf3U
706,Make Way!,Napalm Death,22,59,115,87,23,-12,15,01:37,0,7,01RUGttwVIvDlD5ymnMWUU
813,"My Empty Room - Live At The Astoria Theatre, London, England/1994/24-Bit Mastering/2006 Digital Remaster",Queensrÿche,17,67,124,47,54,-12,26,02:43,51,21,0ANXZeNhSxMcdhkoplppFk
814,"I Remember Now - Live At Hammersmith Odeon, London, England/1990",Queensrÿche,18,67,77,79,35,-12,3,01:12,25,20,3N2uc3QDQn6qXyCe0uAlk3
1166,Cosmic Monsters Inc.,White Zombie,6,93,86,77,61,-12,46,05:14,0,37,5Dl0kQlw30AJIFupjioRz4
1168,I Am Legend,White Zombie,8,93,139,65,38,-12,31,05:09,0,34,285HB3e1livtx5SndVhp2d
1174,Warp Asylum,White Zombie,14,93,108,71,43,-12,51,06:45,0,31,2MA9Qh9M1gzoE4HgCVLmac
1,War Pigs / Luke's Wall - 2014 Remaster,Black Sabbath,1,1,183,62,33,-12,42,07:54,22,63,2rd9ETlulTbz6BYZcdvIE1
2,Paranoid - 2016 Remaster,Black Sabbath,2,1,163,66,42,-12,45,02:48,0,68,1Y373MqadDRtclJNdnUXVc
6,Hand of Doom - 2013 Remaster,Black Sabbath,6,1,142,57,45,-12,23,07:08,2,46,72YRB6ar59nBsNdnn0cVdD
38,The Wizard - 2014 Remaster,Black Sabbath,2,5,101,68,39,-12,36,04:23,3,49,6sjTzevtstOxOMsFsypsEm
39,Wasp / Behind the Wall of Sleep / Bassically / N.I.B. - 2014 Remaster,Black Sabbath,3,5,102,47,38,-12,50,09:44,3,46,4hx9RvP93j79EJLAiyJQoI
40,Wicked World - 2013 Remaster,Black Sabbath,4,5,169,56,30,-12,57,04:45,0,42,7n5JBulRFW7P1WqjhhjbrI
220,Snowblind - 2014 Remaster,Black Sabbath,6,14,117,75,44,-12,60,05:26,0,47,5w091st8zPd8c01LFzTY8B
223,St. Vitus' Dance - 2014 Remaster,Black Sabbath,9,14,150,50,35,-12,60,02:28,0,34,4N7sL7z89xrHqa3Tml0J56
224,Under the Sun - 2014 Remaster,Black Sabbath,10,14,100,53,33,-12,36,05:50,2,44,0T7zraoBpNHSqwyr40UrNN
442,Sweet Leaf - 2014 Remaster,Black Sabbath,1,34,148,60,36,-12,66,05:05,0,54,2FZ0yrA5aPClG5ZPBlV7n4
539,In The Beginning,Mötley Crüe,1,44,133,67,29,-12,18,01:14,82,40,4ZjGXumt8C1gqLAVtGE55G
971,Burn in Hell,Twisted Sister,3,76,107,83,36,-12,62,04:43,0,51,1aVChMRP6I3ViAIlnW3WYS
974,The Price,Twisted Sister,6,76,78,56,50,-12,55,03:49,4,55,5iF683hJagzos663BxLns9
618,Machine Screw,Type O Negative,1,53,80,83,30,-12,10,00:41,36,23,5VQfpY6p3t46tCXE282tDY
517,50 Million Year Trip (Downside Up),Kyuss,4,41,82,84,20,-11,50,05:49,0,38,1rcdPPsFokyqj8KF51xCHV
738,Jerusalem,Sleep,3,62,101,59,41,-11,4,09:01,0,0,2uDGXu7YPNuNe3ZlXdFzqq
739,Jerusalem,Sleep,4,62,101,54,46,-11,13,10:28,0,0,2efFOvGR5joVbmA62N2xQF
943,Witching Hour,Venom,7,74,146,92,13,-11,3,03:40,0,33,4G20PYZNuL37a8zaaUV7Km
947,Red Light Fever,Venom,11,74,122,90,20,-11,5,05:14,0,22,3vQI1R641odHXncELglOJL
955,Red Light Fever - Demo,Venom,19,74,199,98,9,-11,8,04:50,0,15,5iSwRRDdWjWSRTFatd5qUg
957,Bitch Witch - Outtake,Venom,21,74,90,87,34,-11,36,03:08,0,15,55uJAYtuPuRSmzXLFqqQeK
296,She Rides,Danzig,3,23,111,62,60,-11,27,05:11,0,46,55zS77GXRmwsiyIqVkkT7O
269,Medley: A.D.I. / Horror Of It All,Anthrax,8,20,165,93,30,-11,39,07:49,0,29,12rk57LzvJAguSYIP4SHgZ
270,Imitation Of Life,Anthrax,9,20,110,98,36,-11,10,04:23,0,32,20GAr2lqK1tICtkKCb8uBn
661,Al Svartr (The Oath),Emperor,1,57,67,41,21,-11,7,04:18,2,0,4xvc7nNRTsQKrWKP9QEvUq
121,Rise,Pantera,6,10,93,89,36,-11,33,04:37,0,49,1GgdgDHlEdmwbCZLLzV4Ik
122,No Good (Attack the Radical),Pantera,7,10,97,91,33,-11,50,04:50,0,48,5q272ZCgwndbAJJhGdG2mI
126,Hollow,Pantera,11,10,100,69,27,-11,35,05:46,0,56,1lM1ZHTvfKi5CMRjsZ4Sg9
1019,Psalm 69,Ministry,7,80,107,84,28,-11,15,05:29,0,33,3lP4QgKArqyUAMDFPv3zFk
1020,Corrosion,Ministry,8,80,98,92,19,-11,13,04:57,0,25,1m8pPuWEh4lNIvJG4MIYDl
336,Nothing Else Matters,Metallica,8,25,142,36,56,-11,17,06:29,5,25,10igKaIKsSB6ZnWxPxPvKO
931,You Give Me All I Need,Scorpions,4,73,117,65,51,-11,56,03:38,2,35,4t2dUobtoXRlqxz2pIxp71
935,China White,Scorpions,8,73,78,48,28,-11,50,06:58,0,31,6dO09SajAwqZyU4caMxGCp
464,Tora! Tora! - 2015 Remaster,Van Halen,5,36,120,87,42,-11,26,00:57,3,30,6gtH78Sys0tZrb1c7m3U6G
1157,Blank/Shoplift [Bonus Track] - remastered 2007,Eyehategod,15,92,83,57,20,-11,31,03:58,44,13,2WxO2DqXTyLa5sN9GXoZO7
58,Too Late Too Late,Motörhead,5,7,168,92,30,-11,27,03:24,2,21,5g07vnV7pjEVBc1AHr70sQ
60,Bomber,Motörhead,7,7,106,99,37,-11,18,03:40,1,22,0lEDNCGR1vmATSVHSJ55Kn
844,Gun,Soundgarden,3,69,105,89,35,-11,26,04:42,0,31,2ewbtB0DZhtkoFALbJhxxV
848,Loud Love,Soundgarden,7,69,135,81,35,-11,22,04:57,1,35,1UIZd9Xwvuv7aoYHTC4irP
850,No Wrong No Right,Soundgarden,9,69,135,71,31,-11,35,04:48,3,22,1XHkwEmUFQkOSgX7v1D749
851,Uncovered,Soundgarden,10,69,151,83,37,-11,21,04:30,28,23,0jo08jjSXTmOcq9RlQGzzD
979,Slaughter of the Soul,At The Gates,2,77,115,95,23,-11,42,03:03,0,31,2Vy4z1ZUN7RvN7syWI2yef
980,Cold,At The Gates,3,77,180,95,16,-11,31,03:28,0,30,3JRmeCjOaBqRCvzwCx9MNh
983,Suicide Nation,At The Gates,6,77,115,95,24,-11,33,03:36,0,28,3pvRJy3zkIivvLXh89aO3J
984,World of Lies,At The Gates,7,77,120,96,24,-11,32,03:36,0,28,63qjdBUGCiDzle4KGuypCX
986,Nausea,At The Gates,9,77,122,97,19,-11,53,02:23,0,27,2eTQMrCkjoxGAVb4ybNG3U
987,Need,At The Gates,10,77,142,95,24,-11,13,02:36,0,25,10MucFhWjGqAjz5Ynljmpf
376,Danse Macabre,Celtic Frost,8,28,82,80,20,-11,3,03:52,39,17,56iyJoi7vW5rKgZwWD4S8v
810,My Empty Room - Remastered 2003,Queensrÿche,14,67,124,25,59,-11,11,01:32,28,29,22zm0xIH9niNiUeZE1aMKi
1164,Black Sunshine,White Zombie,4,93,167,92,53,-11,36,04:49,0,50,0D7aPFnFa9qIVFpOJ1ZBTG
1167,Spiderbaby (Yeah-Yeah-Yeah),White Zombie,7,93,161,69,35,-11,30,05:02,0,33,69R4dcujpMJX5SUARXKOHi
1170,Thrust!,White Zombie,10,93,119,90,66,-11,46,05:06,0,34,3aBH7dfYnfBvrDfFbMUqrn
1172,Grindhouse (A Go-Go),White Zombie,12,93,115,94,69,-11,41,04:05,0,32,73oXdCaRTOJbfjR3ETgfeX
4,Iron Man - 2014 Remaster,Black Sabbath,4,1,156,79,34,-11,43,05:55,0,66,3IOQZRcEkplCXg6LofKqE9
8,Jack the Stripper / Fairies Wear Boots - 2013 Remaster,Black Sabbath,8,1,140,66,49,-11,63,06:12,0,49,6EKrBVHDk20hwjYWGPQQlF
215,Wheels of Confusion / The Straightener - 2014 Remaster,Black Sabbath,1,14,117,67,27,-11,53,07:48,0,42,0zALOXEZdMLsuFAW8P8PUC
422,Megalomania - 2013 Remaster,Black Sabbath,4,32,143,64,28,-11,30,09:42,1,40,1FvKmY6ZfUKUtcBXMlb1w8
423,The Thrill of it All - 2013 Remaster,Black Sabbath,5,32,138,61,30,-11,60,05:56,0,34,77MJd5MgnnMiHt1fYMM6Oh
444,Embryo - 2014 Remaster,Black Sabbath,3,34,79,30,76,-11,96,00:28,96,6,1vlEf0z4nKmArCxE13H3UU
1189,Learning to Live,Dream Theater,8,95,127,82,36,-11,56,11:30,0,41,4jdEbvfD0u6tmOLgMKJYUg
773,Midlife Crisis,Faith No More,3,65,108,66,67,-11,46,04:20,0,52,3Ph7fws05DvPwpn5CQHTBy
977,S.M.F.,Twisted Sister,9,76,141,74,41,-11,39,03:01,2,34,2opJB7sqZbl3DoRSQ9EVqP
1214,Big Church [megszentségteleníthetetlenségeskedéseitekért],Sunn 0))),2,98,80,25,10,-10,3,09:43,14,26,6bT3d7TTVO1UW56rvWleJP
925,Weight,ISIS,7,72,124,56,48,-10,20,10:46,12,11,2gapn2mcYLEBb2BciyOzHt
403,Shoots and Ladders,Korn,7,30,94,74,28,-10,23,05:22,1,54,3ezGIgTmk2BZy9C3j0x1h9
408,Daddy,Korn,12,30,100,0,45,-10,87,17:31,12,43,2yXGMzha9lltJRjzOCNiCn
736,Jerusalem,Sleep,1,62,97,53,16,-10,4,09:26,0,0,7Ke7le1IsxcnPTPMCrx6GM
937,Sons of Satan,Venom,1,74,134,97,18,-10,4,03:37,0,29,4Hn9pVSQcYAV87UgJHTM48
939,Schizoid,Venom,3,74,113,94,27,-10,17,03:30,0,29,643LQMcFEqXspLLxtdR5VD
942,Live Like an Angel,Venom,6,74,131,94,20,-10,6,03:58,0,29,2r0Pa9hMpyTlk0lIBnldzI
944,One Thousand Days of Sodom,Venom,8,74,114,94,25,-10,11,04:35,2,25,7JYDqt7bVaWadd1uYIfZow
953,Angel Dust - Demo,Venom,17,74,104,98,34,-10,5,03:11,0,16,58PJ67cM3njtTQzvAHK42J
954,Raise the Dead - Demo,Venom,18,74,96,97,18,-10,11,03:29,0,15,0RC4uhMptsFquWe9GvCQGi
956,Welcome to Hell - Demo,Venom,20,74,90,99,20,-10,3,04:57,4,15,3K0qYwOjwnXNFIVh5hVldg
295,Not Of This World,Danzig,2,23,145,80,35,-10,23,03:42,0,40,0SKCDIidMcl8w15h2PCSLd
297,Soul On Fire,Danzig,4,23,142,61,45,-10,26,04:37,0,41,7gRwyXvNaXCNC9lZnDC38p
300,Possession,Danzig,7,23,135,73,44,-10,22,03:56,0,37,4h9aHPj4VUQW7FdyzPjovK
301,End Of Time,Danzig,8,23,122,60,42,-10,17,04:03,1,36,6S0ui5AFgMmY1SIvTdl5XH
302,The Hunter,Danzig,9,23,146,82,47,-10,40,03:32,0,36,2ItDzQSDNn9DRYmL1hRTRM
303,Evil Thing,Danzig,10,23,169,67,39,-10,31,03:16,1,35,3Wsg2Z3HOp5lq8vTGF36QB
636,Turned Out,Helmet,5,54,114,86,35,-10,59,04:14,0,32,1hkMn2pxLovYof8uDgpiTq
638,Better,Helmet,7,54,150,68,43,-10,81,03:10,0,28,4zifCcliaROnRc1r35F6KN
640,FBLA II,Helmet,9,54,115,84,48,-10,44,03:22,0,28,18HtfEFUEydTblkPTWTicw
262,Among The Living,Anthrax,1,20,156,99,31,-10,4,05:17,0,43,0MuJLuEaZuXX8aMBFCrTE4
267,Indians,Anthrax,6,20,105,94,38,-10,53,05:41,0,55,1fcyfC1KLSWVCIvALR5AxS
1029,13 Candles,Bathory,8,81,71,87,33,-10,4,05:14,0,0,1kQRDEOvVOqbvrwpmXj7kN
119,Fucking Hostile,Pantera,4,10,94,96,48,-10,51,02:49,0,56,5RU50TPTgtxJLFNunUS2p5
125,By Demons Be Driven,Pantera,10,10,140,79,38,-10,32,04:40,0,45,6Kl2BY1d8KHjOjY3cynftv
579,Tarot Woman,Rainbow,1,48,138,88,31,-10,20,05:59,12,39,5NYjaAwqvdUWy44HKXEmyf
584,A Light In The Black,Rainbow,6,48,109,96,35,-10,15,08:12,0,37,049KSornup3DVwWNxLY9UJ
791,Teenager,Deftones,7,66,134,75,76,-10,77,03:20,45,44,3JVtnUPy4JhlbhQnfzw85l
1018,Scare Crow,Ministry,6,80,75,94,37,-10,63,08:22,0,32,1bv4fups31J6sGCY4m1qHu
585,Through Silver In Blood,Neurosis,1,49,127,86,27,-10,10,12:12,0,27,7eyK2gnvdlOwqHv8YH9bK7
588,Purify,Neurosis,4,49,108,69,25,-10,4,12:18,0,22,7lxlrqS1dCBmdAgXI4cR9P
1010,Inside What's Within Behind (demo),Meshuggah,13,79,133,84,35,-10,22,04:11,0,0,38PJXfxUPEAeQbD6RX6pcM
278,To Live Is To Die,Metallica,8,21,104,61,44,-10,37,09:49,0,1,1kI7gQPOHJRrQWMyDvYdUW
332,The Unforgiven,Metallica,4,25,139,60,54,-10,25,06:27,1,15,2lF8jQFhIjpmQa501sYXxR
928,Blackout,Scorpions,1,73,89,84,26,-10,71,03:48,1,46,15RpfmFhrE5RRkf4vZ6kZu
929,Can't Live Without You,Scorpions,2,73,152,85,50,-10,64,03:47,3,36,0mOMvN8GNGAVW5e5934fUn
930,No One Like You,Scorpions,3,73,118,63,51,-10,84,03:57,2,60,26fZwf1ImE4aUJ4XaqOkUg
933,Dynamite,Scorpions,6,73,114,87,30,-10,74,04:12,0,39,07DwrW1JxiMkEF4scxwdSa
934,Arizona,Scorpions,7,73,123,74,53,-10,88,03:56,2,31,6HJMhjioyzZB7z6oSqCZN6
72,Louie Louie,Motörhead,19,7,120,70,69,-10,96,02:51,5,17,7pHFPHMkIFRQKNlgsUOX8J
843,Hands All Over,Soundgarden,2,69,91,92,22,-10,24,06:00,1,35,1P4NeCeT76MGWkgVV8uRxP
845,Power Trip,Soundgarden,4,69,174,76,22,-10,35,04:09,29,24,2itgUw0RkrEcqmMxtBzDM7
846,Get On The Snake,Soundgarden,5,69,127,88,36,-10,46,03:44,1,28,6bUF1XOYynZ0DPcvDcXGYL
985,Unto Others,At The Gates,8,77,109,95,21,-10,45,03:11,0,26,1JrkWtIhVG8Z05AQ42jv2E
960,Pain Divine,Morbid Angel,2,75,142,99,43,-10,21,03:58,0,21,2F2IbkXMAgTEk6LnTbEqFK
968,"God of Emptiness (I. The Accuser, II. The Tempter)",Morbid Angel,10,75,156,87,36,-10,20,05:27,1,26,6sLLktVGKIXXGxvJ0pmhOw
809,Waiting For 22 - Remastered 2003,Queensrÿche,13,67,118,61,39,-10,27,01:06,74,28,0ElgX6SBHTVKJhe3qqk19t
1163,Thunder Kiss '65,White Zombie,3,93,113,86,68,-10,45,03:54,0,60,4tvBoSWeIW0bjhKNre5mod
1165,Soul-Crusher,White Zombie,5,93,159,70,40,-10,59,05:04,0,39,01X4vM5W2LBiBWRSY1O7TF
1173,Starface,White Zombie,13,93,121,86,66,-10,63,05:03,0,32,4TrX6zuhWXSDKOQczUC5um
219,Supernaut - 2014 Remaster,Black Sabbath,5,14,121,82,38,-10,65,04:31,0,46,1fJTWLZHIAwPdGoBzEYnhp
419,Hole in the Sky - 2014 Remaster,Black Sabbath,1,32,116,76,38,-10,40,03:59,0,41,0nZo81fP0160JSlseejfX6
1183,Another Day,Dream Theater,2,95,141,61,45,-10,34,04:23,0,53,69kZsoRrSf7GBTSdJ4BjqA
1184,Take the Time,Dream Theater,3,95,126,89,35,-10,37,08:21,0,46,0t8JoPmxcwsWXWcsflNKxk
1185,Surrounded,Dream Theater,4,95,166,71,32,-10,14,05:30,1,43,5dz43JZ6QteTXfAtmZbB2n
1187,Under a Glass Moon,Dream Theater,6,95,146,85,51,-10,59,07:03,0,45,2bBAAVvOHsr7vxWFTuYxH8
783,Midnight Cowboy (Theme From),Faith No More,13,65,62,48,14,-10,13,04:12,1,32,2mniyTUFzjMVVww0AC9IFt
653,*#..,The Dillinger Escape Plan,4,56,116,83,44,-10,7,02:41,0,22,64CAJlurlZd8e8Rz8i5Mp2
659,Weekend Sex Change,The Dillinger Escape Plan,10,56,118,74,35,-10,20,03:12,1,21,0ZvoRLaP0trHV92SjN8dtc
515,Green Machine,Kyuss,2,41,181,95,34,-9,59,03:38,0,53,6nxHMqTNKWlQnx5AFxz1iX
938,Welcome To Hell,Venom,2,74,177,98,16,-9,10,03:13,0,41,3xXdvIk3cI9BVjpKixwLKd
941,Poison,Venom,5,74,104,95,26,-9,4,04:31,1,28,71R0E2rNiw32hnFjOaYb7S
945,Angel Dust,Venom,9,74,130,98,18,-9,3,02:39,0,24,3o5MupaRV6IWAEbjqhDtPQ
948,Angel Dust - Lead Weight Version,Venom,12,74,118,95,40,-9,13,03:03,0,19,1FNpROIlRD403fixPyRRrg
951,"Boodlust - 7"""" Version",Venom,15,74,200,90,7,-9,21,02:59,0,21,6AK1Z7I7pDZa8gGPvlsHZE
294,Twist Of Cain,Danzig,1,23,119,66,53,-9,36,04:18,1,49,25ZH79eefRHT8CUo15UFjo
298,Am I Demon,Danzig,5,23,134,92,38,-9,35,04:57,0,54,0kZpg64mTDk3V6jhGGEd7M
299,Mother,Danzig,6,23,149,76,36,-9,45,03:25,1,65,7txxAtOMwLLnQTpKeBL6bp
632,In The Meantime,Helmet,1,54,160,86,36,-9,60,03:08,0,42,6mHgOGBDLM71YzKcwAyiXi
635,Unsung,Helmet,4,54,160,81,34,-9,73,03:58,0,54,0z25tUQgEI4cIyNZ1TgWig
639,You Borrowed,Helmet,8,54,111,84,39,-9,39,03:45,0,29,5RzZkoMROd0iY0iFU31VZE
641,Role Model,Helmet,10,54,99,73,49,-9,77,03:36,0,30,11NEr1yeCun0YPISh4FVVF
506,Funeral Fog,Mayhem,1,40,154,96,11,-9,13,05:47,0,7,2lXi7xN0MiTfLb2DW7H9UT
507,Freezing Moon,Mayhem,2,40,93,97,17,-9,9,06:23,0,13,4AP3a7eEOlz5sTJiWnv2C6
268,One World,Anthrax,7,20,100,100,28,-9,11,05:56,0,33,4OjWB25SNdt9VfaTC5z2Fp
1024,Woman Of Dark Desires,Bathory,3,81,90,87,39,-9,19,04:07,0,0,721bjJh95ew2R7iq65GaWn
1025,Call From The Grave,Bathory,4,81,129,82,37,-9,4,04:54,0,0,2v74ik56b9FHNwdhoAEVOd
117,A New Level,Pantera,2,10,137,87,30,-9,45,03:57,0,54,5Tdx85q8KQIcIZJ9XoHblt
120,This Love,Pantera,5,10,105,73,40,-9,30,06:34,0,58,0Yfpc5zHc9pElVCQ1bPlF4
123,Live in a Hole,Pantera,8,10,124,92,34,-9,32,05:00,0,48,5gUcLzosEDmiPLDpQUKqTP
124,Regular People (Conceit),Pantera,9,10,129,96,30,-9,24,05:28,0,45,0YgOMJldhmvg5mE2H2AbUA
580,Run With The Wolf,Rainbow,2,48,166,86,30,-9,66,03:40,0,34,5GZZm1q25YdsLpDVPN6xl4
581,Starstruck,Rainbow,3,48,142,95,47,-9,50,04:06,1,39,64GaIxLU16MP3v3fPabp4f
1053,Grad,Baroness,10,83,117,45,28,-9,11,05:55,0,31,3W6NH5z8vsDSo4ZaJW7a2Q
1032,Left Hand Path,Entombed,1,82,132,93,17,-9,22,06:39,0,44,5faD0zZ9fMa3J5ZN3lIWtp
1021,Grace,Ministry,9,80,100,84,14,-9,5,03:06,0,23,2tBtMShYTQKRP3VlgrtoWt
589,Locust Star,Neurosis,5,49,110,72,29,-9,24,05:49,0,39,1Sb2dgS6ruZnJYNQ3SxLHd
1004,Inside Whats Within Behind,Meshuggah,7,79,135,86,38,-9,17,04:31,0,0,72TCX7wTEgfGHx3jEyAEPE
1008,Vanished (demo),Meshuggah,11,79,151,92,31,-9,16,05:34,0,0,04oX6hTKIvJ15CyKJVkDUQ
1009,Suffer In Truth (demo),Meshuggah,12,79,156,94,29,-9,8,04:27,0,0,4TA2eQQydOUtBjPpzGAy6n
1011,Gods Of Rapture (live),Meshuggah,14,79,88,94,31,-9,23,04:54,1,0,1pI8vYDV5gtgG5EYssJfKS
15,Orion (Instrumental),Metallica,7,2,129,69,36,-9,37,08:28,0,5,1J6aXHOMNalN2YGLpVAD7e
16,"Damage, Inc.",Metallica,8,2,92,87,38,-9,16,05:30,0,3,5PZ03nZ4rF3dG1QH7NeXMp
271,Blackened,Metallica,1,21,129,80,44,-9,48,06:41,0,5,0M1pfDTZGWC7cBuEx3FwwT
273,Eye Of The Beholder,Metallica,3,21,122,81,65,-9,57,06:30,0,3,4pXvTZTJW5idks8XNc43jj
274,One,Metallica,4,21,106,70,44,-9,42,07:27,0,14,3sRZqCxbnwiKKPe57WoT6S
275,The Shortest Straw,Metallica,5,21,142,89,44,-9,57,06:36,0,3,3R7ajqVVdwGHAdLL1dK5cl
276,Harvester Of Sorrow,Metallica,6,21,93,84,66,-9,59,05:44,0,5,3IolN0Ae207i0Fr9IHuNbu
277,The Frayed Ends Of Sanity,Metallica,7,21,94,86,45,-9,70,07:44,0,1,3GpWAuHTJn6BLzTQBrcBqY
329,Enter Sandman,Metallica,1,25,123,82,58,-9,64,05:32,0,23,5BIMPccDwShpXq784RJlJp
932,Now,Scorpions,5,73,190,91,26,-9,56,02:35,0,30,4BHBkQK6pSqJyJGc6O7JmW
1133,KKK B***h,Body Count,8,90,122,70,80,-9,72,02:53,1,35,7zoRvhF7VcXzOu2liGnZ30
1135,Voodoo,Body Count,10,90,133,90,34,-9,45,05:01,0,30,1zgRqvAmjIIY5Kp17ht4z7
1136,The Winner Loses,Body Count,11,90,74,67,43,-9,35,06:32,1,32,6Tiqq1YjzI6FUDSBd6Xnwo
1142,Freedom of Speech,Body Count,17,90,102,74,77,-9,83,04:41,9,27,40fLUCheLdDoESRg41qrWU
1063,Transilvanian Hunger,Darkthrone,1,85,139,100,27,-9,2,06:10,1,26,2JIRtFAIUkd86PQD12Hm7r
1070,En as I Dype Skogen,Darkthrone,8,85,142,100,15,-9,2,05:03,22,15,073Uff4lJY4tWN22Mx3cS8
1150,Sister Fucker (Pt. II) - remastered 2007,Eyehategod,8,92,127,66,25,-9,10,02:37,0,20,0YLNyF6UGQdRjtv3VbtU3U
1151,Crimes Against Skin - remastered 2007,Eyehategod,9,92,119,63,25,-9,30,06:46,0,18,3eCNOrmFLqOiXYhxpyjN8r
1156,Story of the Eye [Bonus Track] - remastered 2007,Eyehategod,14,92,122,83,30,-9,35,02:30,1,14,5KUYSbwleeMmnVGUzcti4A
61,Iron Fist,Motörhead,8,7,146,94,28,-9,32,02:51,10,21,6NUlZRYSiPHdNY0VuWXd8T
73,No Class,Motörhead,20,7,76,89,27,-9,33,02:38,0,17,38zUw56OnFINsjiVTbwKzD
75,(We Are) The Roadcrew,Motörhead,22,7,132,95,30,-9,18,03:09,0,16,32lgtFb4ROxx7bBnWUa94K
1220,My Immortal,Evanescence,4,99,69,29,19,-9,8,04:23,86,73,4UzVcXufOhGUwF56HT7b8M
847,Full On Kevin's Mom,Soundgarden,6,69,136,95,24,-9,16,03:37,2,23,7niLUfkxe4ebzVSID6uE1m
852,Big Dumb Sex,Soundgarden,11,69,176,85,27,-9,54,04:11,1,27,4Ga9JTnUnuI0Tm00ouOjvL
961,World of Shit (The Promised Land),Morbid Angel,3,75,117,93,43,-9,12,03:20,0,21,3pERd0gBE7DbYhljDOIZ1h
963,The Lion's Den,Morbid Angel,5,75,132,94,38,-9,24,04:45,0,20,6urOnUZdvkG7VEYgDgww43
964,Blood on My Hands,Morbid Angel,6,75,120,95,32,-9,19,03:43,0,17,0bnD0zvxnvomBfHNYRMFTr
965,Angel of Disease,Morbid Angel,7,75,83,89,21,-9,43,06:15,0,18,3zWJpjeEXlk2VsIjj6Z0vV
966,Sworn to the Black,Morbid Angel,8,75,109,94,56,-9,39,04:01,0,17,42N5lDn5aBVDlvJpm0y7jB
1186,"Metropolis - , Pt. I (""""The Miracle and the Sleeper"""")",Dream Theater,5,95,105,91,28,-9,45,09:32,0,50,6nRCTb5b0N5zp8WTeY6xFZ
248,Melissa,Mercyful Fate,7,17,117,61,29,-9,29,06:42,1,0,4HoqfWhFhjT5fP4HCfhzSF
838,Sweet Tooth,Marilyn Manson,10,68,170,59,55,-9,16,05:03,0,32,6GuCrDofEO7CgigVzHIFe9
841,Misery Machine,Marilyn Manson,13,68,158,0,30,-9,97,13:11,0,32,6lvZdIVtCKpLwA7DTINPXQ
619,Christian Woman,Type O Negative,2,53,90,62,28,-9,13,08:58,15,36,3FP9SIntXfSDYwLdjnhanN
620,Black No. 1 (Little Miss Scare -All),Type O Negative,3,53,95,70,36,-9,41,11:15,4,42,6HtFpG2WX3TfB8oLLua3XJ
622,Kill All the White People,Type O Negative,5,53,95,88,32,-9,31,03:24,0,28,06jxl69T2M7itQNvk4c9oP
627,Bloody Kisses (A Death in the Family),Type O Negative,10,53,139,54,33,-9,15,10:56,8,32,2pajYwitfIBfNUZwag6NEt
1215,Hunting & Gathering (Cydonia),Sunn 0))),3,98,137,67,16,-8,4,10:02,5,18,0Zju5QvPfMTVHRq1KYRINf
919,The Beginning and the End,ISIS,1,72,112,64,40,-8,36,08:02,1,15,79RNJ2FZHMe7NcPpcopMrZ
397,Blind,Korn,1,30,92,89,28,-8,23,04:18,1,62,1pr9TZGOXeJUggIal1Wq3R
407,Helmet in the Bush,Korn,11,30,171,87,56,-8,66,04:03,0,40,25kc8tMREdGVXhChIiCZTR
646,Dirge for November,Opeth,5,55,138,38,27,-8,14,07:51,1,32,03buZuYnP6IjQ7B9OaFOmj
737,Jerusalem,Sleep,2,62,101,78,39,-8,6,08:26,0,0,2xvceDQ92fRCgtQfBxrlXP
556,No Love,Exodus,7,45,165,95,20,-8,8,05:09,0,29,107HMg46yuREPVAZA4wQRQ
633,Iron Head,Helmet,2,54,95,90,58,-8,59,03:23,0,34,2FhUbI3O3YQ3N5eGSUDwbX
634,Give It,Helmet,3,54,141,84,30,-8,55,04:17,0,31,6rVleAFgtmJ04Omk6Mmon5
637,He Feels Bad,Helmet,6,54,88,71,39,-8,49,04:03,0,30,580vmwV7m3VncbxaWdc8q4
509,Pagan Fears,Mayhem,4,40,150,96,12,-8,6,06:21,0,4,1r20gcDzos0cyDgPSDU2bB
512,Buried by Time and Dust,Mayhem,7,40,103,98,16,-8,7,03:34,0,1,6CNeLBj61W5hq1GhewigYp
1028,Chariots of Fire,Bathory,7,81,143,97,16,-8,3,02:46,0,0,27hvlsFOT2TDeEkreoyrAx
1030,Of Doom......,Bathory,9,81,138,99,25,-8,4,03:43,0,0,13Y0GhHTcAxCj1SmB6QA0v
118,Walk,Pantera,3,10,118,70,43,-8,70,05:15,0,71,7fcfNW0XxTWlwVlftzfDOR
582,Do You Close Your Eyes,Rainbow,4,48,141,91,39,-8,55,02:59,3,32,7Hjo1qTvVyE4gKWKTa3Zv5
583,Stargazer,Rainbow,5,48,177,95,17,-8,44,08:26,0,56,1aDNYyeU62BuQsBAY18i48
1047,Wailing Wintry Wind,Baroness,4,83,161,76,24,-8,28,05:55,0,33,69zzYC1Ybwu1vtXgWd6Vx2
1050,Aleph,Baroness,7,83,139,70,34,-8,22,04:22,0,29,4vmpS6ccPFxr0cYN4DYNFt
1051,Teeth Of A Cogwheel,Baroness,8,83,90,86,63,-8,34,02:17,0,29,2rzlqfFfa6kF1PtXxT2shc
1034,Revel In Flesh,Entombed,3,82,167,95,14,-8,31,03:42,0,34,48zi76YORvpiYO67liH70R
1035,When Life Has Ceased,Entombed,4,82,131,99,18,-8,18,04:11,0,26,3cmEh49U5WRfPcFipIu7LY
1036,Supposed To Rot,Entombed,5,82,111,98,29,-8,19,02:04,0,27,5CU8oOEfI9IoZQxcjC2D2B
561,Seabeast,Mastodon,3,46,132,94,26,-8,45,04:15,0,41,4dlsUdGXRe5nkxMIauacJq
1013,N.W.O.,Ministry,1,80,161,95,45,-8,43,05:31,0,45,2D9LxUcR9zWxQtxiHsMA0n
1016,Hero,Ministry,4,80,148,94,48,-8,63,04:12,0,29,2xKuAjaMWVbSz8fUOQI4pu
587,Eye,Neurosis,3,49,129,79,20,-8,28,05:18,0,24,56bAgMY066gE5GoWAqcxcg
999,Beneath,Meshuggah,2,79,78,99,21,-8,21,05:38,0,0,2vruX6aM3Z2enX8l6Tl4SH
1001,Transfixion,Meshuggah,4,79,140,98,30,-8,28,03:34,0,0,3kmFfXOeckvIVCUnZhrBAb
1007,Sublevels,Meshuggah,10,79,110,89,34,-8,38,05:14,0,0,5PBazDNw2Yfr9YBKiIT477
10,Master Of Puppets,Metallica,2,2,105,87,54,-8,59,08:36,0,15,5cW3DEWYYv0tXZMwcUZNRg
11,The Thing That Should Not Be,Metallica,3,2,112,78,68,-8,50,06:37,0,3,6ZertsLLGL2puI2Vj5iy5T
12,Welcome Home (Sanitarium),Metallica,4,2,105,83,33,-8,38,06:28,0,8,5Nu6hybktveVXtgD7hDLVD
14,Leper Messiah,Metallica,6,2,139,85,38,-8,54,05:41,0,0,6yyionnLDzrrSET4pGoFSX
134,The Call Of Ktulu (Remastered),Metallica,8,11,139,94,30,-8,14,08:53,2,48,5zZ74lczJgFtVCeaS11Fo1
279,Dyers Eve,Metallica,9,21,95,93,40,-8,70,05:13,0,0,4bAQzjDk9ONZ8gvm5YKEGE
333,Wherever I May Roam,Metallica,5,25,131,82,55,-8,36,06:44,0,9,49rcSzMayJhIwGf0CJCaxJ
334,Don't Tread On Me,Metallica,6,25,108,83,67,-8,68,04:00,0,4,0PDThNPaf3ganx4PFmGznK
337,Of Wolf And Man,Metallica,9,25,122,75,63,-8,47,04:17,0,4,1cojSYj0ugS7tmcwKIxMX4
339,My Friend Of Misery,Metallica,11,25,120,82,58,-8,36,06:50,0,2,6YwqziI3H71IMishKRTHHg
454,(Anesthesia)--Pulling Teeth (Remastered),Metallica,5,35,99,89,22,-8,13,04:15,0,43,543qcqtmy9eCke65RWRVaQ
1117,Creek Mary's Blood,Nightwish,5,89,134,67,45,-8,31,08:29,5,0,2I4DCzAeAFdjLQhKG2wYtz
461,Everybody Wants Some!! - 2015 Remaster,Van Halen,2,36,145,77,53,-8,48,05:06,5,51,5TnzOUFWoZHUEtOWlxrIlY
1140,Body Count Anthem,Body Count,15,90,179,87,29,-8,18,02:46,0,26,4aVuH8fjmekze2Nj0gsIjK
1064,Over Fjell Og Gjennom Torner,Darkthrone,2,85,135,100,16,-8,2,02:30,15,20,1twTdzxZPY1SU5vueG7v6U
1066,Slottet I Det Fjerne,Darkthrone,4,85,141,100,19,-8,1,04:45,12,18,5dLk1MR2SA1IdofFy9WA5A
1067,Graven Takeheimens Saler,Darkthrone,5,85,136,100,15,-8,1,04:59,26,17,5zUTE9cylAsByChYCH1bhl
1069,As Flittermice as Satans Spys,Darkthrone,7,85,145,100,13,-8,2,05:55,18,15,4gzF6aPvl3QtRNTOlP4GHv
1147,30$ Bag - remastered 2007,Eyehategod,5,92,142,72,21,-8,45,02:47,0,25,1WkBRyICJJs2hOsFrTiy9w
1149,Take As Needed for Pain - remastered 2007,Eyehategod,7,92,131,76,24,-8,30,06:07,0,25,5d6gQ9F3EZLFElsxa5pXXN
1155,Ruptured Heart Theory [Bonus Track] - remastered 2007,Eyehategod,13,92,124,69,27,-8,9,03:34,0,14,3xo80ShC8nPmx7CgkFNp9K
64,Metropolis,Motörhead,11,7,109,66,42,-8,6,03:36,0,18,6izelfXlsmHfY5XsYY0PnE
69,Like a Nightmare,Motörhead,16,7,119,94,39,-8,4,04:27,3,16,7eJiScl1JRIJO9kDiQIdee
77,Locomotive,Motörhead,24,7,137,97,27,-8,17,03:22,0,19,3R7kM0tYRN1e4Zlfpg7pEP
1242,Stagefright,Def Leppard,3,52,170,94,37,-8,38,03:45,0,39,6wzYsqOkBLqyjyzFRohAFi
1244,Die Hard The Hunter,Def Leppard,5,52,128,89,51,-8,18,06:16,0,39,7KLg11Zw7jmxRC7CpGKEAR
1246,Rock Of Ages,Def Leppard,7,52,106,79,71,-8,64,04:08,1,43,4eXGF4fOubY0IhWieQ0OoF
1249,Billy's Got A Gun,Def Leppard,10,52,92,81,60,-8,21,05:56,0,39,33ekOLwD9CszREcPpS6f1K
1228,My Immortal - Band Version,Evanescence,12,99,75,34,44,-8,7,04:33,78,56,3PYdxIDuBIuJSDGwfptFx4
208,Remember Tomorrow - 1998 Remastered Version,Iron Maiden,3,13,98,69,26,-8,55,05:29,0,0,17ozNEchVvcGHSd5bWBNH6
212,Strange World - 1998 Remastered Version,Iron Maiden,7,13,126,51,36,-8,21,05:32,2,0,3Yr6gFCbIUiOmrursFovAF
372,Dethroned Emperor,Celtic Frost,4,28,136,91,26,-8,16,04:38,0,28,7LW3MsXbEkJPXcEoiRoFd5
198,Fever,Judas Priest,9,12,111,70,49,-8,33,05:20,1,32,0pZHWZelcjUZY1CgnHWPUE
959,Rapture,Morbid Angel,1,75,142,96,28,-8,7,04:18,0,25,4iQxdHODYQeMRh9bI1EKFA
962,Vengeance Is Mine,Morbid Angel,4,75,118,97,50,-8,40,03:16,0,20,0LRtWUYfgA9nRVP1hbXJkx
470,Children of the Sea - 2008 Remaster,Black Sabbath,2,37,142,70,41,-8,34,05:35,1,42,2JPgqQuuOprW8STXRRugMW
472,Heaven and Hell - 2008 Remaster,Black Sabbath,4,37,91,67,33,-8,32,07:00,2,56,3Jl5GohfNwozDmpzmQBLDI
474,Die Young - 2008 Remaster,Black Sabbath,6,37,106,80,32,-8,9,04:45,1,40,2skOSjao8CoSr4oKclrERU
476,Lonely Is the Word - 2008 Remaster,Black Sabbath,8,37,110,74,43,-8,51,05:51,0,37,2GSOOR5UXdDj9247nxyedO
774,RV,Faith No More,4,65,170,57,35,-8,52,03:43,19,39,1ZSaFlJCo0ShPW5JFYDWKk
776,Everything's Ruined,Faith No More,6,65,104,96,54,-8,23,04:34,0,42,7lQy8vI73IL4Wft8I4eA5Z
781,Crack Hitler,Faith No More,11,65,124,93,65,-8,28,04:39,22,32,48hZdEVMiyVRCsjovv4Ouz
782,Jizzlobber,Faith No More,12,65,179,84,16,-8,19,06:39,0,32,6Hw8IJcn7cexa2cRpbUgPQ
346,Rooster,Alice In Chains,6,26,144,55,27,-8,20,06:14,3,67,0wvIGFIgbyz4JNwQhZgTv2
353,Would?,Alice In Chains,13,26,101,83,31,-8,59,03:27,0,70,5sFDReWLrZHLFZFjHsjUTS
623,Summer Breeze,Type O Negative,6,53,128,71,37,-8,35,04:49,2,43,5cDS0AxJMZkAHjuwfUomJI
630,Blood & Fire,Type O Negative,13,53,128,77,35,-8,23,05:33,1,27,7BdNgspxizqAK8KP3YfBzH
234,Holy Diver,Dio,2,16,92,90,48,-7,11,05:54,6,61,57fqmDaokbxZ3TaB0jp39q
920,The Other,ISIS,2,72,118,60,42,-7,43,07:15,0,12,2VfNTyOaWdBAnjJ6OiDRFj
921,False Light,ISIS,3,72,120,65,40,-7,8,07:42,0,12,0qiAR0FsffpsNsAcu0jgwx
922,Carry,ISIS,4,72,118,61,25,-7,14,06:46,2,12,4rUVXXUOs4R27XTyaoQRUq
926,From Sinking,ISIS,8,72,114,63,31,-7,32,08:24,0,9,33oJQdWan6AX0RBhjNVPd8
398,Ball Tongue,Korn,2,30,106,88,55,-7,44,04:29,2,48,5pbfZdAP7xUu354ZQBhTS2
400,Clown,Korn,4,30,80,79,46,-7,30,04:37,1,49,3TZuUaGjEtyAiUM9iM89ff
405,Fake,Korn,9,30,98,92,38,-7,16,04:51,0,42,40juCfCdBJjhVEyA2JrcgV
854,Flattening of Emotions,Death,1,70,105,90,39,-7,32,04:29,0,31,2i03huY4DLxMnAB9DV4BOd
855,Suicide Machine,Death,2,70,137,94,32,-7,42,04:24,0,34,0GBNecHv0jWlfrPPBq57FT
649,Blackwater Park,Opeth,8,55,80,86,11,-7,14,12:08,0,37,4ghtc1qkwPW5CIjYrac1MJ
740,Jerusalem,Sleep,5,62,190,70,15,-7,6,05:45,0,0,4mnsvjOItasaySnQTwxfeq
741,Jerusalem,Sleep,6,62,97,67,25,-7,4,09:01,0,0,6To1wuD38mthFMRZdE1Ie5
508,Cursed in Eternity,Mayhem,3,40,183,84,7,-7,10,05:10,0,3,6tPzKvTfDBA2Lb42qCrlRK
510,Life Eternal,Mayhem,5,40,156,94,11,-7,12,06:57,0,4,577zs2zO9oPz3E3YlVJ90v
511,From the Dark Past,Mayhem,6,40,168,93,10,-7,4,05:27,0,2,4FwEa520KE7llGZqjkM9Aw
1027,Enter the Eternal Fire,Bathory,6,81,108,86,38,-7,15,06:57,0,0,5CzebOPQxefBlDkAJkm5ht
116,Mouth for War,Pantera,1,10,157,95,33,-7,63,03:57,0,58,6rkeaQRCWZxwkjhyqgxjXi
1044,Rays On Pinion,Baroness,1,83,145,89,33,-7,15,07:36,0,41,6ouq07JR52uMIDnHhFbrQ2
1046,Isak,Baroness,3,83,102,85,52,-7,40,04:22,0,38,4qnmquuGKdUiDLh5paURPb
727,Hell to Pay,Converge,4,61,103,69,32,-7,19,04:32,0,31,3IP88lVJFVCEClXXJEJfPy
789,Rx Queen,Deftones,5,66,143,92,57,-7,55,04:28,0,49,6HgrJfzfj9WRBABdussy8z
796,Pink Maggit,Deftones,12,66,90,67,14,-7,4,07:33,1,46,0FrT8a39eo6siL1yIxVGTP
1033,Drowned,Entombed,2,82,108,93,17,-7,24,04:00,0,33,74sEzDFrgGFxaM7xrEyOkG
1037,But Life Goes On,Entombed,6,82,114,98,34,-7,13,03:00,0,25,7wm7di7XtlL3IXRWPL9H4T
1039,Morbid Devourment,Entombed,8,82,110,96,19,-7,29,05:25,0,24,2CvtsZt7wGW1iIFniV5CAw
1040,Abnormally Deceased,Entombed,9,82,112,95,18,-7,31,02:59,0,22,2wPCKvH509FfKrL66scvu2
1042,Carnal Leftovers,Entombed,11,82,165,98,14,-7,27,02:58,0,22,641ntKrSCGimRngZESb7Vn
1043,Premature Autopsy,Entombed,12,82,173,96,12,-7,19,04:28,0,21,1bhT7RgdMM1rHqbkpoREdR
559,Blood and Thunder,Mastodon,1,46,93,94,36,-7,48,03:49,0,58,3jagGO7eHHuaD53ibehkux
562,Island,Mastodon,4,46,81,99,16,-7,27,03:26,0,37,6UQj5lRRVDJfaWpzCLOCAH
564,Megalodon,Mastodon,6,46,131,98,27,-7,37,04:23,0,41,1rLDTmI8quVUsGy9mzrXBx
565,Naked Burn,Mastodon,7,46,158,96,23,-7,62,03:42,0,37,348pOMYZ4f4j8bkbX0hQcZ
567,Hearts Alive,Mastodon,9,46,167,95,17,-7,25,13:40,0,36,5ZwXpxkFA2qW0nGCXwpIx4
253,Poison Was The Cure - Remastered 2004,Megadeth,5,19,161,88,28,-7,41,02:57,0,45,6HqnBoikcyjy7I1kbrfhlr
256,Dawn Patrol - Remastered 2004,Megadeth,8,19,75,71,67,-7,60,01:52,2,44,4NwFxag85AYdCel47a3Yhi
260,Holy Wars...The Punishment Due - Demo/Remastered 2004,Megadeth,12,19,131,95,26,-7,47,06:17,0,37,21PU8pLM89CLbj2JPvxNPg
261,Take No Prisoners - Demo/Remastered 2004,Megadeth,13,19,160,100,21,-7,11,03:23,0,36,5tOoS4trxEQ8GGTCAPZ2pe
429,Architecture Of Aggression,Megadeth,3,33,95,97,54,-7,50,03:40,0,45,1BbocHcTYAu0wCS4NqgRsI
431,Sweating Bullets - Remastered 2004,Megadeth,5,33,70,86,33,-7,65,05:27,0,55,6i7IXg8j7ZngiEOgBYjkhw
607,Iowa,Slipknot,14,50,174,67,32,-7,34,15:05,0,39,1VQCAHBRlX2gBHTjopYQlS
998,Future Breed Machine,Meshuggah,1,79,88,97,45,-7,16,05:49,0,0,0gH7MNXQud3Pvnfv1zk3bL
1000,Soul Burn,Meshuggah,3,79,83,94,34,-7,43,05:18,0,0,3oKST2HXbmF6ZEaytf7BU3
1002,Vanished,Meshuggah,5,79,159,99,27,-7,24,05:05,0,0,0WlDiAZTyACr9dDI1NhEOq
9,Battery,Metallica,1,2,97,94,49,-7,39,05:13,0,10,7qRxAH7ZRB2Ita3mebXfR3
13,Disposable Heroes,Metallica,5,2,90,94,26,-7,43,08:17,0,3,2CbYOuq9uxqclV21HJaJ4B
127,Fight Fire With Fire (Remastered),Metallica,1,11,92,99,28,-7,16,04:45,0,52,3eaOnliKh0QdjuDbPAwCLx
130,Fade To Black (Remastered),Metallica,4,11,114,93,26,-7,29,06:57,0,61,4kBsYpQBUbSIQNLTDF7es2
272,...And Justice For All,Metallica,2,21,87,80,54,-7,40,09:47,0,4,0ep7UTGw3F9VkN9FV52En3
335,Through The Never,Metallica,7,25,94,93,39,-7,52,04:04,1,4,0K8hmlY7fVZLRp3R1JnWLT
338,The God That Failed,Metallica,10,25,83,80,56,-7,43,05:09,0,1,0h26wQZD5GoSvK5zZuv69E