record_id,employee_id,service_code,department_id,service_date,quantity,notes
SR0001,E0137,S017,D004,2023-09-06,3,
SR0002,E0114,S008,D007,2023-04-26,8,Pendiente de feedback
SR0003,E0091,S021,D008,2025-10-26,5,En progreso
SR0004,E0050,S006,D003,2023-07-10,3,Completado satisfactoriamente
SR0005,E0050,S012,D002,2024-03-14,11,
SR0006,E0133,S011,D002,2024-05-15,2,
SR0007,E0140,S018,D004,2022-12-03,5,
SR0008,E0059,S004,D001,2024-11-30,2,
SR0009,E0093,S003,D001,2025-04-08,3,Completado satisfactoriamente
SR0010,E0113,S006,D001,2025-03-26,1,
SR0011,E0037,S007,D007,2021-02-06,8,
SR0012,E0078,S014,D005,2025-02-21,2,En progreso
SR0013,E0059,S003,D001,2023-08-09,2,Completado satisfactoriamente
SR0014,E0127,S008,D002,2023-02-18,6,En progreso
SR0015,E0118,S017,D008,2025-08-05,3,
SR0016,E0051,S015,D003,2022-01-22,2,Certificado obtenido
SR0017,E0103,S011,D007,2025-06-11,8,
SR0018,E0003,S013,D001,2024-02-24,11,En progreso
SR0019,E0007,S004,D002,2024-10-21,2,
SR0020,E0081,S021,D002,2025-06-15,4,Sesión presencial
SR0021,E0124,S021,D007,2025-01-03,5,En progreso
SR0022,E0039,S007,D001,2023-02-28,10,
SR0023,E0123,S002,D003,2025-04-25,3,
SR0024,E0022,S012,D008,2024-12-08,1,
SR0025,E0044,S005,D003,2025-05-08,1,
SR0026,E0112,S020,D001,2023-05-17,2,
SR0027,E0075,S020,D007,2024-03-30,2,Renovación automática
SR0028,E0123,S002,D004,2023-11-27,2,
SR0029,E0112,S006,D004,2023-10-10,2,Certificado obtenido
SR0030,E0075,S007,D007,2022-01-19,12,Completado satisfactoriamente
SR0031,E0148,S007,D003,2022-07-27,5,
SR0032,E0033,S018,D002,2025-01-31,2,
SR0033,E0128,S014,D002,2025-04-11,2,Sesión presencial
SR0034,E0022,S015,D006,2021-07-15,2,Certificado obtenido
SR0035,E0091,S011,D004,2023-02-17,4,Sesión presencial
SR0036,E0118,S017,D007,2025-02-12,11,
SR0037,E0117,S018,D005,2021-11-17,2,
SR0038,E0148,S015,D005,2024-05-19,3,Renovación automática
SR0039,E0048,S007,D002,2023-06-28,5,
SR0040,E0043,S010,D001,2024-11-09,1,
SR0041,E0056,S009,D008,2021-12-17,8,Completado satisfactoriamente
SR0042,E0058,S004,D005,2023-03-27,3,En progreso
SR0043,E0146,S020,D005,2023-09-13,1,Certificado obtenido
SR0044,E0106,S018,D002,2022-05-15,1,
SR0045,E0005,S009,D008,2024-09-23,1,
SR0046,E0142,S001,D006,2023-03-01,3,
SR0047,E0012,S021,D003,2025-06-27,5,
SR0048,E0060,S018,D002,2024-10-20,3,
SR0049,E0142,S018,D006,2022-09-04,2,Formato online
SR0050,E0085,S002,D005,2025-01-31,2,
SR0051,E0112,S019,D006,2024-04-09,2,
SR0052,E0088,S014,D008,2024-07-06,9,
SR0053,E0093,S021,D002,2025-01-27,4,
SR0054,E0103,S007,D001,2024-06-19,3,
SR0055,E0045,S013,D001,2025-09-12,11,
SR0056,E0148,S018,D003,2025-06-14,5,
SR0057,E0137,S015,D006,2021-08-13,11,
SR0058,E0030,S003,D001,2024-09-13,1,
SR0059,E0058,S004,D006,2024-06-30,3,
SR0060,E0050,S010,D005,2023-03-30,1,
SR0061,E0043,S008,D005,2025-02-02,6,
SR0062,E0048,S001,D006,2023-09-06,2,
SR0063,E0112,S012,D008,2024-11-23,8,
SR0064,E0064,S001,D004,2023-09-04,3,
SR0065,E0090,S003,D002,2023-07-16,3,
SR0066,E0072,S005,D003,2025-04-09,3,
SR0067,E0085,S017,D008,2023-06-26,2,
SR0068,E0019,S021,D001,2024-07-30,1,
SR0069,E0105,S004,D004,2024-09-18,1,Pendiente de feedback
SR0070,E0066,S002,D006,2023-12-23,1,Certificado obtenido
SR0071,E0048,S005,D007,2025-01-18,1,
SR0072,E0105,S018,D006,2022-08-03,2,
SR0073,E0059,S020,D008,2024-05-05,1,
SR0074,E0035,S006,D005,2023-10-18,3,
SR0075,E0041,S008,D006,2024-02-01,6,Pendiente de feedback
SR0076,E0052,S012,D006,2025-04-14,3,
SR0077,E0019,S001,D007,2023-04-13,3,
SR0078,E0067,S016,D005,2022-04-10,11,
SR0079,E0030,S019,D004,2024-07-01,5,
SR0080,E0125,S005,D004,2025-03-13,3,
SR0081,E0016,S013,D007,2023-04-24,2,
SR0082,E0142,S018,D002,2022-10-09,2,
SR0083,E0135,S013,D007,2021-02-07,3,
SR0084,E0023,S009,D005,2022-04-08,3,Certificado obtenido
SR0085,E0078,S007,D008,2023-06-04,11,
SR0086,E0098,S014,D003,2024-04-03,4,
SR0087,E0112,S007,D003,2021-11-11,12,Pendiente de feedback
SR0088,E0075,S018,D007,2022-07-09,5,
SR0089,E0085,S007,D005,2023-11-25,1,
SR0090,E0059,S009,D006,2023-08-11,7,Formato online
SR0091,E0100,S014,D002,2024-12-20,8,
SR0092,E0016,S013,D008,2022-04-15,3,
SR0093,E0028,S014,D002,2025-01-26,5,En progreso
SR0094,E0034,S011,D004,2023-11-25,11,
SR0095,E0098,S004,D007,2023-10-08,1,Formato online
SR0096,E0063,S019,D008,2024-09-28,4,
SR0097,E0104,S002,D005,2025-05-14,2,
SR0098,E0080,S001,D008,2024-05-08,1,
SR0099,E0035,S017,D005,2025-07-27,10,Formato online
SR0100,E0131,S009,D006,2024-11-24,12,Renovación automática
SR0101,E0068,S005,D007,2025-08-30,1,Completado satisfactoriamente
SR0102,E0142,S009,D001,2024-12-28,4,
SR0103,E0052,S010,D007,2025-01-13,9,
SR0104,E0102,S007,D006,2025-06-15,6,
SR0105,E0134,S019,D001,2024-12-17,2,
SR0106,E0003,S010,D005,2025-10-13,4,
SR0107,E0036,S001,D007,2025-08-29,1,
SR0108,E0041,S020,D008,2024-11-03,3,
SR0109,E0136,S018,D005,2024-03-29,1,
SR0110,E0102,S012,D004,2025-10-23,1,Renovación automática
SR0111,E0044,S012,D002,2024-03-12,4,
SR0112,E0047,S011,D001,2024-01-17,7,Pendiente de feedback
SR0113,E0012,S006,D004,2024-03-07,1,Certificado obtenido
SR0114,E0024,S017,D004,2025-07-05,7,
SR0115,E0103,S010,D003,2021-06-14,11,
SR0116,E0112,S004,D001,2024-06-09,3,
SR0117,E0090,S004,D007,2025-03-23,1,
SR0118,E0013,S017,D004,2024-02-09,11,
SR0119,E0064,S007,D008,2020-07-16,6,Certificado obtenido
SR0120,E0027,S008,D006,2025-06-13,4,
SR0121,E0106,S020,D008,2023-10-21,3,
SR0122,E0067,S009,D008,2023-02-04,8,
SR0123,E0082,S013,D003,2025-07-21,1,
SR0124,E0050,S005,D005,2025-06-14,3,
SR0125,E0014,S013,D003,2024-02-18,7,
SR0126,E0129,S009,D001,2022-02-16,2,
SR0127,E0105,S015,D005,2024-07-14,2,
SR0128,E0009,S013,D008,2021-11-24,10,
SR0129,E0113,S002,D007,2023-08-16,1,
SR0130,E0095,S018,D007,2024-10-30,3,
SR0131,E0016,S008,D006,2022-07-08,3,
SR0132,E0002,S015,D002,2024-05-12,12,
SR0133,E0124,S010,D007,2022-11-09,12,
SR0134,E0101,S003,D008,2025-05-02,1,
SR0135,E0087,S014,D007,2024-07-11,6,
SR0136,E0071,S015,D008,2023-01-01,8,
SR0137,E0112,S002,D003,2025-04-28,1,
SR0138,E0051,S001,D007,2023-07-02,1,
SR0139,E0022,S006,D006,2024-03-06,2,
SR0140,E0001,S020,D001,2025-06-17,4,Certificado obtenido
SR0141,E0065,S018,D008,2021-08-05,2,
SR0142,E0072,S018,D002,2025-08-14,1,
SR0143,E0128,S014,D005,2024-02-26,12,
SR0144,E0081,S010,D008,2025-06-30,12,
SR0145,E0149,S005,D004,2024-06-03,3,
SR0146,E0102,S013,D007,2024-08-22,9,Renovación automática
SR0147,E0131,S008,D003,2024-06-23,10,
SR0148,E0060,S003,D001,2023-07-21,3,Sesión presencial
SR0149,E0042,S017,D002,2024-07-24,10,
SR0150,E0049,S009,D004,2022-01-22,8,Formato online
SR0151,E0054,S010,D003,2025-07-13,8,
SR0152,E0065,S015,D002,2024-10-10,8,
SR0153,E0072,S009,D005,2022-08-01,1,
SR0154,E0077,S019,D001,2024-03-01,2,Renovación automática
SR0155,E0041,S014,D004,2024-04-09,12,
SR0156,E0105,S013,D005,2025-09-04,12,
SR0157,E0024,S003,D008,2025-03-25,1,
SR0158,E0002,S002,D003,2023-08-04,1,
SR0159,E0077,S001,D003,2023-05-23,1,Completado satisfactoriamente
SR0160,E0076,S015,D007,2022-10-31,3,Renovación automática
SR0161,E0065,S002,D006,2024-03-03,3,Completado satisfactoriamente
SR0162,E0045,S002,D001,2024-03-18,3,
SR0163,E0037,S004,D001,2023-10-23,3,Sesión presencial
SR0164,E0114,S014,D005,2025-10-31,9,
SR0165,E0033,S020,D005,2025-02-23,3,
SR0166,E0027,S005,D003,2024-05-26,2,
SR0167,E0059,S011,D004,2025-05-07,5,
SR0168,E0009,S019,D006,2023-07-20,4,
SR0169,E0028,S010,D001,2022-06-12,7,
SR0170,E0016,S011,D004,2023-12-05,10,
SR0171,E0148,S015,D005,2023-08-06,7,
SR0172,E0129,S002,D006,2025-09-06,3,
SR0173,E0118,S012,D005,2025-05-21,3,
SR0174,E0079,S001,D004,2023-03-13,3,Formato online
SR0175,E0092,S012,D003,2025-02-13,4,
SR0176,E0005,S014,D003,2024-08-16,7,
SR0177,E0131,S021,D004,2024-01-22,1,
SR0178,E0124,S017,D004,2023-12-31,12,Certificado obtenido
SR0179,E0058,S021,D006,2025-03-13,5,Completado satisfactoriamente
SR0180,E0115,S008,D006,2022-09-14,3,
SR0181,E0098,S011,D001,2024-03-23,8,Renovación automática
SR0182,E0077,S012,D007,2024-05-18,1,
SR0183,E0067,S016,D005,2024-01-18,12,Sesión presencial
SR0184,E0037,S021,D005,2024-05-25,4,Renovación automática
SR0185,E0014,S016,D002,2025-01-23,6,
SR0186,E0114,S014,D004,2025-01-18,12,Certificado obtenido
SR0187,E0066,S006,D008,2024-08-07,1,
SR0188,E0041,S002,D001,2024-08-10,3,
SR0189,E0137,S018,D005,2021-12-28,4,Pendiente de feedback
SR0190,E0060,S016,D005,2022-07-18,7,En progreso
SR0191,E0080,S021,D004,2024-06-09,2,
SR0192,E0139,S007,D008,2024-09-27,5,Certificado obtenido
SR0193,E0142,S004,D006,2023-03-31,2,
SR0194,E0052,S016,D008,2025-03-28,7,
SR0195,E0079,S002,D002,2025-03-22,3,
SR0196,E0097,S013,D004,2020-12-02,6,
SR0197,E0115,S008,D001,2022-01-12,7,En progreso
SR0198,E0027,S016,D002,2024-03-13,12,
SR0199,E0030,S005,D001,2024-03-01,1,En progreso
SR0200,E0028,S006,D008,2025-09-10,3,
SR0201,E0146,S018,D007,2025-06-05,4,
SR0202,E0095,S019,D006,2023-04-04,2,Pendiente de feedback
SR0203,E0127,S010,D003,2023-05-11,9,
SR0204,E0127,S011,D005,2024-12-20,7,Formato online
SR0205,E0045,S016,D001,2024-09-07,9,
SR0206,E0036,S005,D002,2025-04-08,2,
SR0207,E0090,S013,D001,2021-03-26,9,Formato online
SR0208,E0137,S021,D003,2024-11-02,1,
SR0209,E0120,S008,D008,2023-04-18,4,Formato online
SR0210,E0038,S018,D001,2025-05-15,3,
SR0211,E0050,S008,D005,2023-03-17,12,
SR0212,E0060,S006,D002,2023-12-16,3,Sesión presencial
SR0213,E0004,S021,D007,2025-01-27,4,
SR0214,E0026,S002,D004,2024-05-19,3,
SR0215,E0097,S018,D001,2023-03-12,4,
SR0216,E0022,S019,D001,2024-11-19,5,
SR0217,E0053,S002,D003,2024-04-18,2,Sesión presencial
SR0218,E0049,S017,D005,2024-10-16,11,
SR0219,E0136,S020,D004,2023-04-30,5,
SR0220,E0118,S020,D005,2025-01-06,5,
SR0221,E0079,S006,D002,2025-05-08,1,En progreso
SR0222,E0101,S013,D002,2025-03-11,4,En progreso
SR0223,E0115,S004,D002,2024-10-13,3,Pendiente de feedback
SR0224,E0050,S020,D003,2024-06-18,3,
SR0225,E0081,S015,D001,2025-08-04,3,
SR0226,E0103,S009,D004,2021-08-16,3,
SR0227,E0112,S018,D002,2023-09-01,4,
SR0228,E0044,S015,D008,2021-12-30,5,
SR0229,E0001,S017,D004,2023-09-08,1,
SR0230,E0113,S017,D003,2025-06-24,6,
SR0231,E0095,S012,D001,2024-06-26,1,
SR0232,E0069,S001,D004,2025-08-15,3,
SR0233,E0066,S004,D006,2025-03-14,2,Certificado obtenido
SR0234,E0092,S017,D008,2024-08-25,5,
SR0235,E0042,S016,D001,2023-03-24,4,
SR0236,E0048,S009,D002,2024-03-25,4,Pendiente de feedback
SR0237,E0002,S018,D002,2021-06-30,2,
SR0238,E0059,S002,D001,2025-04-19,2,Certificado obtenido
SR0239,E0111,S021,D003,2025-04-12,1,
SR0240,E0065,S014,D007,2024-11-19,3,
SR0241,E0010,S014,D005,2025-05-17,4,Certificado obtenido
SR0242,E0115,S019,D007,2023-09-18,5,
SR0243,E0050,S004,D006,2022-09-27,3,
SR0244,E0079,S015,D008,2024-06-11,11,
SR0245,E0140,S010,D001,2025-04-24,4,
SR0246,E0085,S007,D004,2024-10-06,3,
SR0247,E0120,S005,D004,2024-02-28,2,
SR0248,E0022,S019,D001,2024-01-22,4,
SR0249,E0110,S001,D003,2025-01-15,3,Formato online
SR0250,E0106,S006,D006,2023-12-07,3,Sesión presencial
SR0251,E0005,S002,D007,2024-04-11,2,Pendiente de feedback
SR0252,E0004,S011,D001,2024-06-19,10,
SR0253,E0014,S011,D005,2023-12-07,12,Renovación automática
SR0254,E0025,S019,D007,2025-01-15,2,
SR0255,E0035,S008,D006,2023-03-27,4,
SR0256,E0109,S011,D005,2023-09-09,6,
SR0257,E0035,S012,D006,2024-03-22,7,
SR0258,E0051,S010,D005,2022-09-10,9,Formato online
SR0259,E0009,S013,D004,2021-07-21,5,
SR0260,E0090,S004,D002,2024-10-05,2,
SR0261,E0047,S007,D004,2021-01-22,11,Certificado obtenido
SR0262,E0090,S018,D006,2025-01-02,2,Certificado obtenido
SR0263,E0117,S021,D002,2024-02-19,4,Renovación automática
SR0264,E0132,S010,D003,2024-12-13,1,
SR0265,E0036,S006,D002,2024-03-05,1,
SR0266,E0001,S018,D002,2022-11-24,2,
SR0267,E0049,S018,D002,2022-02-26,1,Sesión presencial
SR0268,E0002,S003,D004,2025-06-09,1,
SR0269,E0102,S005,D004,2025-08-10,1,
SR0270,E0082,S015,D001,2025-01-27,2,Pendiente de feedback
SR0271,E0071,S017,D008,2025-01-04,4,
SR0272,E0029,S008,D007,2022-09-08,8,En progreso
SR0273,E0140,S014,D001,2025-07-06,8,
SR0274,E0066,S014,D005,2024-04-12,1,
SR0275,E0024,S007,D008,2024-06-11,6,
SR0276,E0131,S012,D003,2024-01-03,12,Certificado obtenido
SR0277,E0045,S019,D001,2024-06-17,2,
SR0278,E0063,S005,D007,2024-04-09,2,Completado satisfactoriamente
SR0279,E0088,S017,D006,2023-08-13,4,
SR0280,E0079,S019,D003,2024-08-16,4,
SR0281,E0115,S014,D008,2024-02-12,4,Renovación automática
SR0282,E0039,S003,D002,2023-11-21,1,Formato online
SR0283,E0087,S004,D008,2023-09-11,2,
SR0284,E0148,S001,D002,2024-02-09,2,
SR0285,E0131,S021,D007,2024-02-09,3,Formato online
SR0286,E0069,S020,D007,2023-11-12,3,Certificado obtenido
SR0287,E0030,S017,D003,2025-11-01,2,
SR0288,E0051,S014,D004,2025-10-01,12,Certificado obtenido
SR0289,E0009,S008,D007,2025-07-15,12,
SR0290,E0036,S004,D003,2022-09-01,3,
SR0291,E0093,S011,D003,2023-07-30,9,
SR0292,E0104,S005,D006,2025-02-02,3,Completado satisfactoriamente
SR0293,E0049,S015,D005,2022-12-23,5,Certificado obtenido
SR0294,E0129,S003,D001,2025-09-18,3,
SR0295,E0039,S005,D001,2025-03-28,3,
SR0296,E0070,S003,D002,2025-07-15,2,
SR0297,E0116,S018,D002,2022-12-07,2,Completado satisfactoriamente
SR0298,E0148,S018,D002,2022-02-28,3,
SR0299,E0022,S001,D005,2023-04-25,3,Certificado obtenido
SR0300,E0054,S020,D007,2024-02-21,4,
SR0301,E0029,S013,D005,2024-09-30,12,
SR0302,E0003,S014,D007,2025-02-05,7,En progreso
SR0303,E0103,S016,D001,2024-07-19,11,Renovación automática
SR0304,E0135,S002,D008,2024-01-02,1,
SR0305,E0078,S015,D004,2024-08-01,7,
SR0306,E0086,S008,D004,2022-07-29,7,
SR0307,E0100,S004,D004,2025-06-14,1,
SR0308,E0041,S011,D001,2025-03-15,7,
SR0309,E0083,S011,D004,2023-10-22,5,
SR0310,E0101,S017,D006,2023-12-15,3,
SR0311,E0079,S014,D008,2025-07-30,5,Certificado obtenido
SR0312,E0099,S008,D003,2022-11-14,1,
SR0313,E0098,S009,D005,2023-11-28,8,
SR0314,E0101,S008,D002,2024-04-20,3,
SR0315,E0105,S006,D001,2024-03-20,3,
SR0316,E0010,S008,D002,2023-12-06,12,
SR0317,E0142,S007,D002,2022-10-05,5,Sesión presencial
SR0318,E0025,S017,D006,2023-02-02,3,
SR0319,E0128,S005,D002,2024-10-30,3,Formato online
SR0320,E0033,S017,D002,2023-04-18,5,Formato online
SR0321,E0115,S009,D008,2023-02-04,10,
SR0322,E0019,S006,D008,2024-05-11,1,Pendiente de feedback
SR0323,E0073,S012,D003,2024-11-11,5,
SR0324,E0147,S010,D004,2021-12-19,7,En progreso
SR0325,E0011,S011,D002,2024-07-23,1,
SR0326,E0014,S011,D002,2023-03-25,7,
SR0327,E0034,S002,D001,2023-06-17,3,
SR0328,E0077,S012,D001,2025-04-25,6,
SR0329,E0019,S016,D008,2023-04-21,8,Completado satisfactoriamente
SR0330,E0030,S008,D008,2023-01-13,8,
SR0331,E0083,S007,D008,2023-05-19,4,
SR0332,E0127,S011,D001,2025-08-27,7,
SR0333,E0147,S003,D006,2025-07-14,1,
SR0334,E0099,S012,D004,2024-09-21,9,
SR0335,E0086,S003,D007,2023-05-06,3,
SR0336,E0039,S006,D003,2023-07-15,3,Pendiente de feedback
SR0337,E0082,S017,D005,2024-11-14,12,
SR0338,E0136,S010,D001,2021-02-08,9,
SR0339,E0113,S018,D002,2025-07-13,2,
SR0340,E0018,S008,D002,2025-05-17,9,
SR0341,E0081,S006,D008,2025-04-29,3,En progreso
SR0342,E0028,S004,D007,2025-02-24,1,Completado satisfactoriamente
SR0343,E0098,S014,D003,2025-05-19,9,
SR0344,E0083,S003,D003,2025-01-04,2,
SR0345,E0098,S014,D003,2024-01-27,7,
SR0346,E0029,S019,D001,2023-10-10,4,
SR0347,E0128,S014,D001,2024-08-23,3,
SR0348,E0083,S007,D003,2020-09-30,8,
SR0349,E0001,S015,D002,2022-02-01,4,Formato online
SR0350,E0013,S003,D003,2024-08-09,1,
SR0351,E0025,S008,D003,2023-08-31,1,
SR0352,E0111,S020,D004,2023-12-12,5,
SR0353,E0073,S008,D003,2023-06-19,1,
SR0354,E0095,S003,D008,2024-09-16,2,
SR0355,E0064,S019,D001,2024-03-16,1,
SR0356,E0023,S018,D001,2023-08-22,2,
SR0357,E0077,S016,D008,2024-02-10,10,
SR0358,E0077,S019,D001,2023-11-30,5,
SR0359,E0106,S004,D008,2025-07-27,2,
SR0360,E0101,S006,D003,2023-10-20,2,
SR0361,E0105,S002,D002,2024-03-28,1,
SR0362,E0118,S001,D007,2025-04-02,3,Pendiente de feedback
SR0363,E0036,S006,D004,2024-06-09,3,En progreso
SR0364,E0087,S013,D001,2021-03-21,10,
SR0365,E0075,S019,D008,2023-11-25,5,En progreso
SR0366,E0053,S017,D003,2023-11-26,11,Completado satisfactoriamente
SR0367,E0030,S018,D002,2022-07-16,5,
SR0368,E0064,S011,D001,2023-07-12,12,
SR0369,E0105,S006,D001,2024-03-10,1,Completado satisfactoriamente
SR0370,E0101,S014,D007,2025-06-07,10,
SR0371,E0035,S009,D002,2022-04-18,10,
SR0372,E0134,S001,D004,2025-05-17,2,
SR0373,E0106,S021,D005,2024-08-16,1,
SR0374,E0078,S009,D006,2024-09-29,2,
SR0375,E0124,S016,D003,2025-09-23,3,
SR0376,E0099,S001,D002,2025-07-12,3,Certificado obtenido
SR0377,E0123,S018,D005,2025-06-24,1,
SR0378,E0116,S015,D001,2024-05-29,10,
SR0379,E0135,S015,D003,2022-07-07,9,
SR0380,E0071,S020,D008,2023-11-20,5,
SR0381,E0072,S001,D005,2025-04-25,2,
SR0382,E0114,S002,D005,2024-05-28,2,
SR0383,E0112,S017,D007,2023-10-03,4,Pendiente de feedback
SR0384,E0087,S013,D006,2024-08-30,9,
SR0385,E0123,S002,D002,2023-06-25,1,
SR0386,E0068,S008,D005,2023-09-12,3,
SR0387,E0095,S012,D005,2024-02-10,12,Renovación automática
SR0388,E0028,S002,D004,2024-01-15,3,
SR0389,E0116,S012,D007,2024-06-06,11,
SR0390,E0137,S003,D007,2024-10-13,1,
SR0391,E0023,S016,D003,2022-06-08,7,
SR0392,E0038,S018,D003,2022-09-23,5,
SR0393,E0120,S010,D007,2022-09-30,9,
SR0394,E0092,S019,D003,2023-10-28,1,Renovación automática
SR0395,E0026,S011,D001,2024-12-10,4,
SR0396,E0029,S021,D007,2024-03-12,4,Completado satisfactoriamente
SR0397,E0102,S009,D005,2023-07-27,3,
SR0398,E0117,S007,D006,2024-10-15,4,
SR0399,E0131,S018,D004,2025-01-10,3,
SR0400,E0103,S021,D002,2024-11-17,5,Renovación automática
SR0401,E0013,S009,D006,2024-07-05,11,
SR0402,E0076,S019,D005,2023-04-05,5,
SR0403,E0064,S002,D004,2023-10-23,3,
SR0404,E0086,S011,D002,2023-12-18,8,
SR0405,E0117,S009,D002,2025-06-26,4,
SR0406,E0047,S011,D001,2025-10-29,6,Pendiente de feedback
SR0407,E0087,S019,D007,2024-04-16,4,
SR0408,E0012,S003,D007,2024-04-21,1,
SR0409,E0091,S007,D008,2024-02-26,5,
SR0410,E0003,S019,D004,2024-12-30,1,
SR0411,E0090,S010,D002,2020-06-15,8,Renovación automática
SR0412,E0058,S011,D008,2023-10-27,10,Sesión presencial
SR0413,E0097,S004,D001,2024-08-18,2,Completado satisfactoriamente
SR0414,E0023,S005,D006,2025-08-18,2,En progreso
SR0415,E0139,S008,D001,2024-07-25,1,
SR0416,E0004,S021,D008,2024-08-09,4,
SR0417,E0033,S009,D007,2021-01-03,12,
SR0418,E0073,S010,D006,2021-12-21,3,
SR0419,E0132,S019,D002,2023-11-19,5,
SR0420,E0047,S021,D004,2025-02-02,5,Renovación automática
SR0421,E0013,S014,D003,2025-03-25,12,
SR0422,E0113,S002,D004,2025-10-04,2,Formato online
SR0423,E0033,S020,D004,2023-09-29,2,Renovación automática
SR0424,E0036,S001,D007,2024-08-17,1,
SR0425,E0076,S008,D005,2023-11-14,12,
SR0426,E0035,S001,D008,2023-02-01,3,
SR0427,E0015,S019,D005,2025-08-08,5,
SR0428,E0137,S015,D005,2023-01-26,3,En progreso
SR0429,E0089,S008,D001,2023-05-31,9,
SR0430,E0148,S020,D005,2023-09-28,2,
SR0431,E0146,S016,D007,2023-07-25,1,
SR0432,E0092,S009,D003,2023-11-22,5,Completado satisfactoriamente
SR0433,E0003,S015,D003,2025-10-04,6,
SR0434,E0047,S014,D003,2024-10-22,11,
SR0435,E0098,S007,D002,2023-11-12,11,
SR0436,E0001,S008,D008,2024-06-17,2,
SR0437,E0029,S004,D001,2025-10-02,1,
SR0438,E0042,S015,D008,2023-11-24,4,
SR0439,E0037,S003,D004,2024-01-20,3,
SR0440,E0053,S020,D004,2023-05-23,1,
SR0441,E0070,S021,D004,2024-03-10,2,
SR0442,E0144,S003,D001,2025-02-05,1,Completado satisfactoriamente
SR0443,E0044,S005,D001,2024-04-25,1,
SR0444,E0099,S016,D001,2025-11-08,3,
SR0445,E0053,S007,D004,2021-06-30,5,
SR0446,E0026,S001,D004,2023-12-08,2,Formato online
SR0447,E0054,S019,D004,2025-06-29,3,
SR0448,E0070,S003,D004,2023-10-10,2,
SR0449,E0140,S015,D004,2023-01-03,8,Formato online
SR0450,E0043,S007,D008,2022-07-18,9,
SR0451,E0109,S011,D001,2023-02-09,5,
SR0452,E0116,S007,D006,2024-07-08,8,
SR0453,E0125,S009,D006,2022-11-26,6,
SR0454,E0067,S012,D002,2025-02-23,5,
SR0455,E0039,S004,D008,2024-06-07,3,
SR0456,E0144,S013,D006,2021-11-12,2,
SR0457,E0098,S019,D001,2023-06-05,2,Certificado obtenido
SR0458,E0116,S012,D002,2024-08-05,8,
SR0459,E0018,S020,D001,2025-09-29,3,
SR0460,E0023,S001,D005,2025-10-05,1,
SR0461,E0025,S020,D004,2025-03-03,3,
SR0462,E0069,S012,D004,2024-11-25,2,
SR0463,E0068,S014,D003,2025-10-18,4,
SR0464,E0060,S012,D008,2024-05-24,4,
SR0465,E0038,S011,D007,2024-04-17,11,
SR0466,E0114,S018,D008,2022-10-28,2,
SR0467,E0038,S019,D007,2024-02-17,4,Completado satisfactoriamente
SR0468,E0038,S004,D005,2023-06-10,1,Sesión presencial
SR0469,E0062,S002,D004,2024-05-17,1,
SR0470,E0077,S020,D007,2025-05-09,2,
SR0471,E0102,S011,D007,2025-06-16,12,
SR0472,E0043,S003,D003,2024-10-22,1,Formato online
SR0473,E0124,S013,D005,2025-11-07,7,
SR0474,E0117,S020,D006,2025-04-01,5,
SR0475,E0067,S009,D006,2021-07-05,1,
SR0476,E0077,S002,D006,2025-07-03,1,
SR0477,E0136,S021,D001,2024-07-07,2,
SR0478,E0123,S020,D005,2025-02-18,3,
SR0479,E0025,S015,D006,2023-09-27,10,
SR0480,E0083,S014,D006,2024-06-20,3,
SR0481,E0095,S009,D004,2022-10-23,11,En progreso
SR0482,E0073,S009,D008,2022-10-08,4,En progreso
SR0483,E0087,S005,D005,2024-08-13,1,
SR0484,E0043,S002,D002,2025-10-24,3,
SR0485,E0097,S001,D008,2023-02-16,3,Certificado obtenido
SR0486,E0078,S008,D004,2025-04-22,12,Certificado obtenido
SR0487,E0117,S017,D007,2024-01-17,11,Sesión presencial
SR0488,E0146,S001,D001,2025-01-02,3,
SR0489,E0144,S012,D004,2024-06-14,8,
SR0490,E0049,S006,D002,2024-09-12,3,
SR0491,E0134,S014,D004,2024-03-18,1,
SR0492,E0015,S001,D006,2024-08-03,2,Certificado obtenido
SR0493,E0009,S017,D008,2025-07-16,2,
SR0494,E0086,S011,D006,2024-12-25,9,
SR0495,E0101,S007,D001,2021-11-18,12,
SR0496,E0140,S021,D006,2025-01-25,3,
SR0497,E0149,S014,D006,2024-01-02,1,
SR0498,E0013,S010,D002,2022-01-14,1,
SR0499,E0092,S007,D001,2025-05-05,2,
SR0500,E0067,S003,D003,2025-01-02,1,
SR0501,E0028,S007,D008,2025-05-29,12,
SR0502,E0010,S009,D002,2021-03-05,7,
SR0503,E0113,S012,D001,2024-05-25,7,
SR0504,E0022,S010,D008,2023-06-10,9,
SR0505,E0070,S019,D004,2023-09-06,3,
SR0506,E0093,S002,D006,2024-03-21,2,
SR0507,E0147,S008,D004,2023-04-21,10,
SR0508,E0142,S011,D002,2024-05-16,10,
SR0509,E0058,S008,D008,2025-05-28,3,
SR0510,E0131,S007,D005,2022-04-17,12,
SR0511,E0148,S014,D006,2025-06-11,5,
SR0512,E0013,S002,D006,2024-02-14,1,
SR0513,E0012,S021,D008,2024-03-03,3,
SR0514,E0137,S019,D006,2024-07-22,1,
SR0515,E0029,S007,D008,2020-02-27,5,
SR0516,E0033,S001,D008,2024-02-23,2,
SR0517,E0009,S010,D003,2020-11-20,10,
SR0518,E0045,S004,D003,2024-09-22,1,Formato online
SR0519,E0041,S009,D002,2023-06-19,2,En progreso
SR0520,E0089,S020,D006,2023-06-12,3,
SR0521,E0104,S004,D003,2023-07-28,2,
SR0522,E0060,S017,D006,2024-01-01,11,
SR0523,E0023,S021,D005,2025-08-08,3,
SR0524,E0025,S009,D004,2025-02-05,2,Certificado obtenido
SR0525,E0071,S001,D007,2024-10-04,2,
SR0526,E0149,S021,D003,2024-10-22,4,
SR0527,E0109,S002,D001,2024-04-13,3,Certificado obtenido
SR0528,E0003,S012,D006,2024-08-26,7,
SR0529,E0058,S009,D003,2022-01-28,6,
SR0530,E0136,S013,D005,2023-02-15,10,
SR0531,E0016,S005,D003,2024-04-10,2,
SR0532,E0059,S019,D001,2023-02-27,5,
SR0533,E0047,S014,D007,2024-08-27,10,
SR0534,E0060,S014,D002,2025-04-16,7,
SR0535,E0133,S003,D004,2025-06-29,2,Pendiente de feedback
SR0536,E0028,S015,D003,2023-10-17,10,
SR0537,E0098,S017,D007,2023-02-17,2,
SR0538,E0009,S004,D005,2025-08-23,3,En progreso
SR0539,E0014,S017,D005,2024-04-27,5,
SR0540,E0070,S008,D002,2025-03-11,11,
SR0541,E0079,S007,D007,2022-07-29,9,
SR0542,E0035,S021,D007,2025-11-01,5,
SR0543,E0098,S011,D004,2023-03-08,12,Certificado obtenido
SR0544,E0030,S018,D004,2025-09-06,3,Sesión presencial
SR0545,E0094,S006,D002,2023-08-19,3,
SR0546,E0044,S006,D002,2025-09-23,3,
SR0547,E0066,S016,D002,2025-09-01,9,
SR0548,E0051,S015,D005,2022-04-03,12,Sesión presencial
SR0549,E0098,S019,D001,2023-06-28,2,
SR0550,E0079,S006,D003,2024-02-23,1,
SR0551,E0088,S015,D006,2025-08-15,12,
SR0552,E0124,S010,D003,2025-02-19,6,
SR0553,E0029,S006,D001,2025-05-19,3,
SR0554,E0025,S005,D002,2025-02-11,1,Certificado obtenido
SR0555,E0090,S007,D003,2025-08-09,3,
SR0556,E0129,S002,D003,2023-11-10,1,
SR0557,E0106,S017,D007,2025-08-12,12,
SR0558,E0097,S003,D002,2025-07-30,1,
SR0559,E0052,S011,D003,2024-08-14,7,
SR0560,E0015,S020,D004,2025-03-30,3,
SR0561,E0022,S001,D001,2023-04-22,1,
SR0562,E0076,S018,D008,2022-08-31,3,
SR0563,E0103,S005,D006,2025-03-17,2,
SR0564,E0027,S001,D004,2023-05-20,3,
SR0565,E0067,S005,D005,2024-02-07,3,
SR0566,E0035,S005,D008,2025-03-31,3,Formato online
SR0567,E0094,S012,D001,2025-04-13,1,
SR0568,E0091,S013,D001,2025-08-26,10,Certificado obtenido
SR0569,E0064,S007,D004,2022-12-13,7,
SR0570,E0086,S002,D005,2025-07-26,2,Formato online
SR0571,E0064,S014,D007,2024-05-14,11,
SR0572,E0063,S008,D007,2022-05-12,9,
SR0573,E0004,S018,D004,2022-10-10,1,En progreso
SR0574,E0064,S021,D007,2025-10-25,5,
SR0575,E0094,S002,D003,2025-03-31,3,
SR0576,E0063,S015,D006,2024-05-16,2,
SR0577,E0011,S011,D003,2024-08-09,9,
SR0578,E0058,S010,D001,2020-06-29,3,
SR0579,E0034,S017,D001,2024-05-15,8,
SR0580,E0038,S005,D005,2025-08-06,3,
SR0581,E0102,S018,D005,2021-11-03,5,
SR0582,E0092,S013,D004,2020-08-21,11,
SR0583,E0113,S021,D006,2024-11-17,5,
SR0584,E0124,S003,D003,2025-10-20,1,Renovación automática
SR0585,E0111,S016,D005,2024-08-23,3,
SR0586,E0136,S003,D006,2025-09-13,3,Formato online
SR0587,E0106,S017,D004,2024-07-21,6,
SR0588,E0033,S015,D007,2025-08-29,6,
SR0589,E0056,S001,D004,2024-01-27,1,
SR0590,E0104,S009,D005,2022-09-03,4,
SR0591,E0113,S005,D001,2024-10-01,2,Formato online
SR0592,E0026,S012,D008,2024-06-01,12,
SR0593,E0110,S016,D008,2025-05-29,4,
SR0594,E0039,S014,D008,2025-06-24,3,Completado satisfactoriamente
SR0595,E0022,S020,D007,2025-06-10,4,
SR0596,E0003,S002,D008,2024-09-04,2,Completado satisfactoriamente
SR0597,E0009,S002,D007,2025-03-22,3,Certificado obtenido
SR0598,E0137,S010,D008,2020-02-17,10,Certificado obtenido
SR0599,E0063,S007,D001,2023-11-05,2,Formato online
SR0600,E0005,S007,D008,2022-01-27,2,
SR0601,E0004,S015,D008,2022-04-02,9,Pendiente de feedback
SR0602,E0005,S005,D008,2025-01-09,2,
SR0603,E0082,S018,D004,2024-01-19,1,
SR0604,E0015,S003,D007,2024-08-29,3,Pendiente de feedback
SR0605,E0135,S005,D007,2025-08-26,3,Pendiente de feedback
SR0606,E0039,S006,D001,2023-08-23,1,Completado satisfactoriamente
SR0607,E0005,S010,D007,2020-02-05,9,
SR0608,E0098,S004,D001,2023-10-26,3,En progreso
SR0609,E0104,S020,D003,2024-10-25,2,
SR0610,E0091,S016,D005,2022-08-05,1,
SR0611,E0083,S014,D008,2024-03-10,5,
SR0612,E0114,S015,D003,2021-12-28,9,
SR0613,E0023,S009,D002,2025-11-01,12,Renovación automática
SR0614,E0144,S015,D004,2025-02-09,9,
SR0615,E0113,S011,D004,2024-07-14,10,
SR0616,E0095,S007,D005,2025-10-07,4,
SR0617,E0100,S011,D003,2024-08-05,5,
SR0618,E0133,S021,D008,2024-04-23,3,
SR0619,E0146,S002,D001,2023-07-17,3,
SR0620,E0034,S005,D008,2024-06-20,1,
SR0621,E0012,S014,D002,2024-03-20,11,Pendiente de feedback
SR0622,E0012,S018,D008,2025-02-16,2,
SR0623,E0114,S010,D007,2020-06-06,2,
SR0624,E0050,S004,D001,2023-08-02,1,
SR0625,E0041,S006,D001,2023-07-26,2,
SR0626,E0137,S014,D002,2024-01-26,3,
SR0627,E0024,S017,D005,2024-07-25,12,Renovación automática
SR0628,E0147,S012,D003,2024-05-23,2,
SR0629,E0148,S016,D008,2023-03-27,12,
SR0630,E0081,S015,D008,2022-12-27,5,
SR0631,E0013,S015,D004,2025-08-10,11,
SR0632,E0071,S015,D006,2025-07-29,4,
SR0633,E0075,S015,D002,2021-08-12,11,
SR0634,E0105,S018,D004,2024-08-13,4,Completado satisfactoriamente
SR0635,E0112,S009,D006,2025-06-28,12,
SR0636,E0047,S003,D002,2023-08-14,3,
SR0637,E0117,S018,D006,2025-09-26,3,
SR0638,E0137,S013,D003,2020-10-13,1,
SR0639,E0025,S010,D007,2024-05-17,1,
SR0640,E0124,S011,D008,2025-11-08,7,
SR0641,E0127,S010,D005,2024-01-30,8,
SR0642,E0088,S006,D007,2024-01-17,1,Pendiente de feedback
SR0643,E0132,S011,D008,2023-09-02,4,Certificado obtenido
SR0644,E0146,S020,D005,2023-12-27,4,
SR0645,E0139,S007,D005,2021-10-08,8,
SR0646,E0025,S001,D003,2023-01-29,3,
SR0647,E0014,S021,D002,2024-04-25,1,
SR0648,E0117,S008,D001,2025-03-05,11,Renovación automática
SR0649,E0048,S013,D005,2021-10-08,7,
SR0650,E0048,S021,D007,2024-09-02,4,
SR0651,E0071,S012,D007,2025-04-28,1,
SR0652,E0050,S020,D003,2025-04-04,3,En progreso
SR0653,E0128,S014,D007,2025-04-18,10,
SR0654,E0146,S012,D006,2024-04-01,9,
SR0655,E0144,S010,D003,2024-08-10,8,
SR0656,E0123,S016,D004,2023-04-04,9,
SR0657,E0106,S003,D005,2024-09-16,1,
SR0658,E0009,S015,D005,2022-01-11,2,
SR0659,E0102,S014,D007,2025-01-04,2,Certificado obtenido
SR0660,E0099,S020,D001,2023-05-27,3,
SR0661,E0111,S006,D002,2025-09-10,3,
SR0662,E0028,S011,D005,2024-10-20,10,
SR0663,E0082,S011,D006,2023-10-02,9,Renovación automática
SR0664,E0117,S013,D008,2024-01-03,6,Pendiente de feedback
SR0665,E0133,S018,D002,2025-09-11,3,
SR0666,E0056,S008,D008,2022-02-28,2,
SR0667,E0109,S021,D006,2024-03-06,2,
SR0668,E0030,S003,D005,2024-06-06,2,
SR0669,E0124,S017,D008,2024-11-11,8,
SR0670,E0025,S012,D005,2024-07-12,11,Renovación automática
SR0671,E0009,S008,D002,2022-10-11,10,
SR0672,E0011,S005,D004,2024-06-12,2,
SR0673,E0056,S014,D003,2024-02-16,1,
SR0674,E0064,S005,D005,2025-03-04,3,Formato online
SR0675,E0024,S010,D006,2022-12-25,9,Certificado obtenido
SR0676,E0098,S002,D007,2025-08-29,3,Certificado obtenido
SR0677,E0089,S015,D001,2024-08-08,2,
SR0678,E0080,S002,D005,2024-04-11,1,Formato online
SR0679,E0044,S003,D007,2024-03-25,1,
SR0680,E0101,S008,D008,2023-02-03,3,
SR0681,E0039,S002,D002,2025-08-08,3,
SR0682,E0063,S012,D007,2025-03-06,4,Completado satisfactoriamente
SR0683,E0090,S010,D003,2023-09-05,10,En progreso
SR0684,E0034,S001,D002,2024-10-18,1,
SR0685,E0091,S002,D002,2024-06-20,3,
SR0686,E0041,S001,D002,2024-04-21,1,
SR0687,E0042,S015,D002,2024-12-11,7,
SR0688,E0043,S015,D008,2023-11-17,3,
SR0689,E0136,S009,D005,2025-09-07,7,Formato online
SR0690,E0019,S020,D004,2024-02-14,3,En progreso
SR0691,E0045,S004,D006,2025-02-01,3,
SR0692,E0050,S001,D007,2024-12-29,2,
SR0693,E0125,S021,D008,2024-04-21,4,Sesión presencial
SR0694,E0090,S006,D005,2025-08-11,2,
SR0695,E0140,S002,D002,2023-12-31,2,Pendiente de feedback
SR0696,E0019,S008,D004,2022-01-12,12,En progreso
SR0697,E0049,S015,D007,2023-02-27,6,
SR0698,E0070,S019,D008,2025-10-03,3,Sesión presencial
SR0699,E0087,S002,D006,2025-04-22,2,
SR0700,E0092,S009,D005,2022-03-07,7,
SR0701,E0146,S019,D002,2023-09-03,5,Sesión presencial
SR0702,E0069,S016,D007,2025-05-15,6,
SR0703,E0102,S006,D005,2023-12-18,2,
SR0704,E0116,S001,D006,2023-08-09,1,Pendiente de feedback
SR0705,E0028,S014,D006,2025-08-12,3,
SR0706,E0033,S018,D004,2024-04-03,5,
SR0707,E0035,S014,D005,2025-07-20,1,Certificado obtenido
SR0708,E0070,S019,D004,2023-08-25,1,Completado satisfactoriamente
SR0709,E0100,S015,D007,2025-07-13,1,Formato online
SR0710,E0049,S007,D006,2023-06-09,12,
SR0711,E0087,S011,D004,2025-05-28,8,Certificado obtenido
SR0712,E0111,S019,D002,2023-05-10,1,
SR0713,E0081,S001,D003,2023-01-25,2,
SR0714,E0144,S021,D001,2024-12-02,3,Sesión presencial
SR0715,E0002,S007,D001,2021-08-31,4,
SR0716,E0011,S008,D005,2022-10-25,1,
SR0717,E0050,S005,D005,2024-03-02,1,
SR0718,E0056,S020,D005,2023-09-19,3,
SR0719,E0133,S006,D004,2024-03-31,3,
SR0720,E0038,S008,D001,2025-05-25,1,
SR0721,E0067,S005,D002,2024-10-23,3,
SR0722,E0124,S001,D002,2023-11-11,1,En progreso
SR0723,E0025,S021,D004,2024-12-06,4,
SR0724,E0072,S014,D008,2025-01-01,2,Certificado obtenido
SR0725,E0105,S013,D005,2022-04-04,2,
SR0726,E0073,S010,D003,2023-11-27,3,
SR0727,E0063,S021,D008,2025-07-10,5,Sesión presencial
SR0728,E0087,S009,D002,2024-05-06,3,Sesión presencial
SR0729,E0106,S015,D007,2023-01-04,7,
SR0730,E0115,S016,D003,2024-11-27,12,
SR0731,E0097,S004,D008,2025-10-18,3,
SR0732,E0139,S017,D007,2023-04-17,11,
SR0733,E0123,S001,D003,2023-05-28,1,Completado satisfactoriamente
SR0734,E0003,S002,D008,2023-07-03,2,
SR0735,E0106,S013,D002,2021-03-01,3,
SR0736,E0003,S004,D001,2024-03-25,2,En progreso
SR0737,E0048,S013,D008,2021-05-20,3,Sesión presencial
SR0738,E0069,S021,D007,2025-05-28,3,
SR0739,E0149,S004,D003,2025-01-07,3,Renovación automática
SR0740,E0147,S017,D007,2023-06-29,2,
SR0741,E0114,S005,D003,2025-07-10,3,
SR0742,E0037,S011,D002,2023-01-30,2,
SR0743,E0053,S006,D006,2024-03-18,2,
SR0744,E0087,S014,D007,2025-09-23,4,
SR0745,E0102,S014,D003,2025-07-01,4,
SR0746,E0025,S008,D003,2023-03-27,4,Renovación automática
SR0747,E0059,S012,D002,2025-08-27,6,
SR0748,E0058,S013,D001,2022-10-04,12,
SR0749,E0053,S018,D007,2023-09-16,1,
SR0750,E0071,S002,D003,2024-09-14,3,Sesión presencial
SR0751,E0067,S017,D001,2025-02-16,4,
SR0752,E0093,S017,D005,2025-01-04,6,
SR0753,E0078,S010,D004,2023-03-31,6,
SR0754,E0030,S014,D006,2025-04-16,11,
SR0755,E0088,S019,D006,2024-06-18,3,En progreso
SR0756,E0071,S013,D007,2021-01-25,3,
SR0757,E0080,S006,D008,2023-09-16,1,
SR0758,E0075,S008,D005,2025-05-10,7,Sesión presencial
SR0759,E0133,S005,D003,2024-08-20,2,
SR0760,E0066,S016,D001,2025-01-18,6,
SR0761,E0042,S010,D008,2024-06-21,7,
SR0762,E0120,S017,D004,2023-02-26,2,
SR0763,E0070,S016,D005,2025-10-16,3,
SR0764,E0095,S008,D005,2023-08-25,8,
SR0765,E0064,S006,D004,2023-10-12,3,
SR0766,E0095,S016,D001,2024-03-28,5,
SR0767,E0063,S008,D004,2024-08-20,7,Sesión presencial
SR0768,E0077,S007,D004,2020-08-05,2,
SR0769,E0067,S006,D001,2024-09-20,3,
SR0770,E0100,S015,D002,2025-01-04,9,Renovación automática
SR0771,E0029,S013,D004,2022-08-17,7,
SR0772,E0071,S016,D008,2025-08-24,5,
SR0773,E0039,S007,D001,2023-04-23,12,
SR0774,E0009,S018,D001,2024-08-19,4,
SR0775,E0054,S009,D007,2023-12-21,1,Completado satisfactoriamente
SR0776,E0095,S001,D008,2023-11-27,3,
SR0777,E0082,S007,D001,2025-03-31,11,
SR0778,E0113,S006,D004,2025-04-23,1,
SR0779,E0098,S017,D003,2023-08-08,12,
SR0780,E0090,S002,D006,2024-04-22,2,
SR0781,E0127,S014,D006,2024-10-19,7,
SR0782,E0097,S020,D004,2023-08-07,3,
SR0783,E0018,S018,D008,2021-10-28,4,Sesión presencial
SR0784,E0047,S004,D004,2024-11-30,3,
SR0785,E0035,S006,D007,2023-09-11,3,
SR0786,E0140,S012,D008,2025-08-31,9,
SR0787,E0053,S012,D003,2025-01-13,10,
SR0788,E0090,S012,D006,2024-10-19,7,
SR0789,E0082,S008,D005,2025-07-21,4,Pendiente de feedback
SR0790,E0109,S020,D002,2025-03-24,4,
SR0791,E0029,S014,D005,2024-08-17,2,
SR0792,E0015,S002,D006,2025-06-20,2,Formato online
SR0793,E0016,S002,D004,2025-07-09,1,
SR0794,E0047,S021,D008,2025-10-19,3,
SR0795,E0036,S002,D002,2023-12-27,3,
SR0796,E0099,S013,D004,2022-11-10,2,Renovación automática
SR0797,E0045,S013,D003,2020-05-31,1,
SR0798,E0077,S008,D007,2022-10-01,8,
SR0799,E0114,S021,D004,2025-03-17,5,
SR0800,E0085,S008,D008,2023-10-05,10,
SR0801,E0129,S016,D007,2023-05-24,8,Completado satisfactoriamente
SR0802,E0025,S016,D004,2025-07-05,10,
SR0803,E0088,S004,D008,2025-08-03,1,
SR0804,E0123,S003,D005,2025-03-26,3,
SR0805,E0118,S004,D005,2023-11-24,1,
SR0806,E0056,S009,D006,2025-06-28,7,
SR0807,E0058,S020,D002,2023-05-28,2,
SR0808,E0010,S019,D004,2024-05-05,4,
SR0809,E0053,S011,D008,2023-12-01,12,
SR0810,E0039,S002,D002,2024-11-30,3,
SR0811,E0094,S005,D002,2024-11-10,3,
SR0812,E0022,S015,D004,2023-12-15,8,
SR0813,E0005,S018,D007,2023-07-18,5,
SR0814,E0053,S015,D007,2023-12-23,6,
SR0815,E0001,S005,D001,2024-08-05,2,Completado satisfactoriamente
SR0816,E0149,S018,D003,2022-01-14,2,
SR0817,E0064,S004,D008,2025-07-06,3,
SR0818,E0033,S019,D007,2025-05-30,4,Completado satisfactoriamente
SR0819,E0123,S011,D005,2024-08-29,7,Completado satisfactoriamente
SR0820,E0028,S008,D007,2023-08-13,3,Pendiente de feedback
SR0821,E0060,S005,D004,2024-02-09,1,
SR0822,E0047,S009,D002,2021-05-08,10,
SR0823,E0092,S013,D008,2020-03-06,5,
SR0824,E0106,S011,D002,2024-02-14,12,
SR0825,E0100,S016,D001,2024-04-22,12,Pendiente de feedback
SR0826,E0054,S007,D001,2021-06-29,1,
SR0827,E0049,S005,D002,2024-04-28,3,
SR0828,E0092,S010,D003,2023-06-25,6,
SR0829,E0118,S018,D008,2022-06-30,2,
SR0830,E0039,S015,D003,2021-07-18,2,
SR0831,E0116,S003,D004,2023-12-16,2,
SR0832,E0045,S002,D002,2025-02-28,1,Sesión presencial
SR0833,E0087,S005,D003,2024-06-25,3,
SR0834,E0095,S014,D006,2024-07-27,3,Renovación automática
SR0835,E0091,S002,D002,2023-07-12,3,
SR0836,E0004,S019,D001,2025-09-23,5,Completado satisfactoriamente
SR0837,E0025,S014,D004,2025-04-25,2,
SR0838,E0029,S013,D006,2025-06-12,11,
SR0839,E0103,S003,D003,2024-03-30,2,
SR0840,E0104,S017,D004,2024-11-18,8,
SR0841,E0127,S004,D007,2025-10-26,1,
SR0842,E0137,S020,D007,2025-04-18,4,
SR0843,E0005,S021,D004,2024-04-16,1,
SR0844,E0144,S004,D005,2024-07-21,2,Renovación automática
SR0845,E0026,S011,D001,2024-04-04,9,En progreso
SR0846,E0053,S018,D007,2024-10-09,4,Pendiente de feedback
SR0847,E0097,S020,D008,2025-11-06,1,
SR0848,E0111,S017,D003,2025-06-06,8,
SR0849,E0100,S001,D003,2023-07-29,3,Certificado obtenido
SR0850,E0129,S002,D006,2024-10-04,2,
SR0851,E0104,S004,D006,2023-01-13,3,
SR0852,E0012,S002,D005,2025-06-23,2,
SR0853,E0071,S008,D003,2023-09-30,1,
SR0854,E0114,S009,D007,2023-12-08,8,Pendiente de feedback
SR0855,E0062,S011,D002,2023-04-11,8,
SR0856,E0014,S011,D001,2023-10-02,12,Sesión presencial
SR0857,E0005,S020,D008,2023-05-04,1,
SR0858,E0022,S007,D003,2023-01-31,12,
SR0859,E0144,S021,D004,2025-02-02,4,
SR0860,E0137,S016,D003,2023-09-06,5,En progreso
SR0861,E0064,S007,D001,2022-08-14,12,Completado satisfactoriamente
SR0862,E0036,S015,D008,2021-10-27,11,Renovación automática
SR0863,E0045,S014,D004,2024-11-11,2,
SR0864,E0063,S004,D002,2025-05-12,3,Renovación automática
SR0865,E0093,S014,D003,2025-10-01,10,
SR0866,E0102,S004,D008,2023-07-16,2,
SR0867,E0081,S016,D005,2025-01-25,11,Renovación automática
SR0868,E0034,S020,D002,2023-06-27,3,
SR0869,E0131,S001,D003,2023-06-08,1,
SR0870,E0088,S002,D005,2025-02-16,1,
SR0871,E0070,S013,D004,2020-08-25,4,Sesión presencial
SR0872,E0011,S001,D004,2023-10-10,3,
SR0873,E0058,S014,D002,2024-09-27,2,Renovación automática
SR0874,E0149,S002,D007,2025-11-02,1,
SR0875,E0004,S007,D002,2024-12-25,11,
SR0876,E0073,S009,D008,2025-06-03,3,Formato online
SR0877,E0073,S017,D002,2025-05-29,7,
SR0878,E0060,S005,D007,2024-12-30,1,Certificado obtenido
SR0879,E0052,S010,D004,2022-10-26,1,
SR0880,E0039,S004,D002,2024-08-09,2,En progreso
SR0881,E0018,S017,D007,2023-12-05,6,
SR0882,E0005,S017,D005,2025-06-18,10,
SR0883,E0002,S005,D008,2025-05-24,3,
SR0884,E0139,S005,D002,2024-08-11,2,Completado satisfactoriamente
SR0885,E0148,S004,D004,2023-02-19,1,Pendiente de feedback
SR0886,E0136,S008,D008,2023-09-04,3,Renovación automática
SR0887,E0011,S014,D003,2025-04-17,10,
SR0888,E0030,S004,D008,2024-04-21,1,
SR0889,E0117,S001,D002,2025-09-12,3,
SR0890,E0029,S016,D007,2025-10-30,5,
SR0891,E0127,S015,D008,2025-03-16,11,
SR0892,E0093,S017,D005,2024-08-10,2,
SR0893,E0078,S002,D007,2023-11-17,2,
SR0894,E0039,S008,D003,2023-02-01,8,
SR0895,E0094,S014,D006,2025-05-27,12,Renovación automática
SR0896,E0068,S010,D005,2022-12-19,5,
SR0897,E0080,S002,D007,2023-09-15,1,
SR0898,E0073,S012,D001,2024-07-23,12,
SR0899,E0003,S013,D008,2025-02-15,2,
SR0900,E0059,S014,D002,2024-03-03,2,
SR0901,E0114,S008,D006,2025-07-26,8,
SR0902,E0131,S014,D002,2025-02-25,6,
SR0903,E0033,S004,D007,2025-03-01,3,Sesión presencial
SR0904,E0076,S003,D004,2025-01-02,1,
SR0905,E0027,S019,D004,2024-04-10,4,
SR0906,E0103,S003,D005,2023-05-05,3,Formato online
SR0907,E0146,S011,D008,2025-07-20,12,
SR0908,E0149,S008,D004,2024-06-15,1,En progreso
SR0909,E0148,S019,D004,2025-02-22,2,Certificado obtenido
SR0910,E0113,S015,D001,2025-06-22,8,
SR0911,E0106,S020,D008,2023-11-10,5,
SR0912,E0062,S003,D008,2025-10-14,3,
SR0913,E0022,S008,D002,2023-05-16,4,
SR0914,E0101,S004,D004,2025-06-28,3,
SR0915,E0039,S018,D008,2022-11-19,2,
SR0916,E0064,S021,D001,2024-02-10,4,Pendiente de feedback
SR0917,E0091,S008,D001,2023-02-14,12,
SR0918,E0082,S005,D006,2025-04-17,1,
SR0919,E0003,S019,D003,2023-04-18,1,
SR0920,E0015,S015,D005,2024-09-15,3,
SR0921,E0023,S020,D006,2023-12-18,1,
SR0922,E0127,S017,D005,2023-07-24,9,
SR0923,E0003,S021,D007,2025-01-15,5,
SR0924,E0010,S004,D005,2025-07-10,1,
SR0925,E0043,S015,D004,2025-04-20,7,
SR0926,E0139,S018,D004,2022-10-22,5,
SR0927,E0037,S021,D001,2025-01-09,3,Renovación automática
SR0928,E0120,S019,D004,2023-08-23,5,
SR0929,E0001,S008,D001,2022-05-05,2,
SR0930,E0013,S014,D007,2024-01-14,10,Pendiente de feedback
SR0931,E0095,S017,D004,2023-08-13,8,
SR0932,E0105,S006,D003,2023-08-15,3,
SR0933,E0035,S021,D001,2024-09-24,4,
SR0934,E0035,S009,D005,2025-06-13,11,
SR0935,E0092,S017,D004,2024-05-16,2,Certificado obtenido
SR0936,E0106,S005,D005,2025-03-28,1,
SR0937,E0092,S019,D003,2024-12-03,3,
SR0938,E0094,S015,D005,2022-12-23,4,
SR0939,E0091,S003,D005,2024-01-13,1,Formato online
SR0940,E0123,S010,D007,2021-03-18,4,
SR0941,E0014,S005,D007,2025-10-31,3,Renovación automática
SR0942,E0026,S015,D003,2024-08-15,2,
SR0943,E0124,S003,D007,2024-10-18,1,
SR0944,E0081,S012,D001,2025-05-10,1,
SR0945,E0001,S016,D004,2024-08-14,9,
SR0946,E0114,S020,D006,2025-03-12,1,
SR0947,E0140,S006,D005,2025-01-12,1,
SR0948,E0039,S010,D002,2023-10-03,3,
SR0949,E0125,S003,D004,2023-08-22,3,Completado satisfactoriamente
SR0950,E0123,S011,D002,2024-07-29,7,
SR0951,E0147,S021,D007,2025-06-08,3,Certificado obtenido
SR0952,E0069,S002,D008,2023-09-20,2,Pendiente de feedback
SR0953,E0149,S010,D005,2020-10-09,5,
SR0954,E0036,S020,D007,2025-05-30,2,
SR0955,E0109,S013,D007,2020-06-27,9,Completado satisfactoriamente
SR0956,E0139,S007,D007,2022-02-08,11,
SR0957,E0022,S014,D008,2024-11-13,3,Renovación automática
SR0958,E0009,S009,D007,2024-09-05,2,
SR0959,E0139,S009,D007,2024-07-12,3,
SR0960,E0127,S016,D004,2025-05-19,9,
SR0961,E0005,S012,D007,2025-02-08,6,Certificado obtenido
SR0962,E0093,S009,D008,2021-06-26,2,
SR0963,E0100,S017,D007,2024-08-16,2,
SR0964,E0148,S008,D008,2024-04-20,2,Sesión presencial
SR0965,E0113,S015,D001,2021-08-15,9,
SR0966,E0025,S005,D003,2025-04-22,2,
SR0967,E0018,S016,D007,2024-01-11,4,Certificado obtenido
SR0968,E0076,S005,D008,2024-09-01,3,Formato online
SR0969,E0115,S002,D007,2023-06-20,2,Completado satisfactoriamente
SR0970,E0137,S021,D001,2024-03-10,2,Completado satisfactoriamente
SR0971,E0089,S007,D006,2025-05-24,6,
SR0972,E0072,S019,D002,2024-04-23,5,Formato online
SR0973,E0013,S016,D001,2025-07-18,2,
SR0974,E0064,S021,D004,2024-05-23,3,Pendiente de feedback
SR0975,E0137,S010,D003,2023-01-12,2,
SR0976,E0056,S018,D004,2021-06-06,4,Formato online
SR0977,E0128,S008,D004,2022-07-22,9,
SR0978,E0139,S009,D002,2023-09-01,1,
SR0979,E0095,S007,D008,2025-11-08,8,
SR0980,E0140,S021,D002,2025-06-24,5,
SR0981,E0146,S018,D006,2025-02-09,1,
SR0982,E0014,S007,D006,2022-10-04,9,
SR0983,E0003,S001,D003,2023-06-07,2,
SR0984,E0051,S007,D007,2024-06-30,4,En progreso
SR0985,E0118,S014,D005,2024-04-12,1,
SR0986,E0117,S020,D006,2024-12-23,2,
SR0987,E0135,S016,D006,2024-11-28,10,
SR0988,E0147,S017,D001,2024-07-16,3,
SR0989,E0104,S018,D004,2021-09-02,4,En progreso
SR0990,E0085,S013,D003,2023-11-09,6,
SR0991,E0106,S009,D007,2023-12-16,10,
SR0992,E0090,S013,D005,2022-06-03,10,
SR0993,E0103,S019,D005,2023-02-08,4,Formato online
SR0994,E0140,S002,D007,2024-01-29,2,
SR0995,E0080,S020,D008,2023-08-27,1,
SR0996,E0028,S005,D005,2024-12-21,3,
SR0997,E0086,S005,D005,2024-09-11,2,
SR0998,E0014,S014,D001,2025-11-02,12,
SR0999,E0070,S001,D001,2023-12-24,1,
SR1000,E0117,S007,D007,2022-06-04,4,
SR1001,E0082,S018,D007,2023-08-20,2,
SR1002,E0034,S005,D005,2025-08-20,1,
SR1003,E0090,S012,D005,2024-11-18,3,
SR1004,E0146,S003,D007,2024-11-09,2,Formato online
SR1005,E0148,S001,D003,2024-09-21,3,Completado satisfactoriamente
SR1006,E0083,S004,D005,2025-10-11,3,Certificado obtenido
SR1007,E0036,S016,D002,2025-05-06,11,
SR1008,E0076,S019,D008,2023-12-07,1,Certificado obtenido
SR1009,E0095,S006,D008,2023-12-10,1,
SR1010,E0059,S010,D004,2024-12-23,4,
SR1011,E0144,S002,D007,2024-10-19,2,
SR1012,E0039,S014,D007,2024-04-23,2,
SR1013,E0103,S001,D007,2025-09-01,2,
SR1014,E0120,S003,D006,2023-12-05,2,
SR1015,E0042,S005,D006,2025-06-27,1,
SR1016,E0073,S013,D004,2020-04-21,4,
SR1017,E0124,S008,D002,2025-09-24,7,
SR1018,E0047,S005,D007,2025-01-23,2,
SR1019,E0035,S014,D004,2024-01-20,5,
SR1020,E0042,S003,D008,2025-01-02,2,
SR1021,E0076,S009,D003,2021-11-20,5,
SR1022,E0100,S017,D004,2023-10-11,1,
SR1023,E0118,S012,D006,2024-12-27,8,
SR1024,E0091,S020,D001,2025-07-03,4,
SR1025,E0011,S002,D007,2025-06-23,3,
SR1026,E0146,S009,D002,2021-12-18,8,
SR1027,E0083,S008,D002,2024-12-12,3,Sesión presencial
SR1028,E0089,S009,D006,2021-02-03,4,
SR1029,E0070,S014,D007,2024-05-10,8,
SR1030,E0018,S017,D005,2024-06-29,4,Renovación automática
SR1031,E0092,S004,D002,2024-09-13,1,
SR1032,E0129,S010,D003,2024-03-16,6,En progreso
SR1033,E0005,S015,D006,2022-05-05,11,
SR1034,E0014,S005,D003,2025-10-19,1,
SR1035,E0073,S014,D002,2024-10-22,3,
SR1036,E0137,S020,D001,2024-10-08,5,Certificado obtenido
SR1037,E0028,S006,D002,2023-07-27,3,
SR1038,E0010,S015,D007,2025-07-18,4,
SR1039,E0014,S021,D005,2024-10-31,1,
SR1040,E0005,S001,D005,2025-07-01,1,
SR1041,E0142,S018,D001,2023-05-21,2,Pendiente de feedback
SR1042,E0060,S009,D003,2023-07-29,3,Completado satisfactoriamente
SR1043,E0076,S008,D002,2022-06-24,5,
SR1044,E0045,S019,D002,2024-04-21,2,
SR1045,E0053,S015,D002,2022-10-29,6,
SR1046,E0109,S006,D004,2024-02-05,2,En progreso
SR1047,E0028,S007,D002,2020-01-29,3,
SR1048,E0027,S006,D007,2023-07-02,3,
SR1049,E0137,S004,D007,2025-06-21,1,
SR1050,E0045,S006,D002,2025-01-07,1,Certificado obtenido
SR1051,E0117,S003,D004,2024-06-15,1,
SR1052,E0125,S005,D002,2024-05-09,3,
SR1053,E0062,S006,D003,2024-07-14,2,Sesión presencial
SR1054,E0054,S013,D002,2022-02-19,12,
SR1055,E0133,S017,D008,2025-09-16,11,
SR1056,E0045,S017,D001,2024-10-02,5,Certificado obtenido
SR1057,E0083,S018,D003,2024-12-25,5,
SR1058,E0097,S016,D003,2023-10-22,8,
SR1059,E0052,S007,D005,2020-12-04,9,Pendiente de feedback
SR1060,E0072,S012,D003,2025-08-15,4,Certificado obtenido
SR1061,E0070,S018,D001,2023-05-02,5,
SR1062,E0026,S021,D004,2025-09-03,5,
SR1063,E0030,S015,D006,2021-10-03,1,
SR1064,E0114,S014,D006,2025-10-26,11,
SR1065,E0111,S020,D003,2023-12-30,4,
SR1066,E0018,S019,D003,2025-08-14,4,
SR1067,E0025,S021,D003,2025-05-07,3,
SR1068,E0072,S008,D006,2025-02-16,3,Renovación automática
SR1069,E0016,S009,D008,2022-04-24,8,
SR1070,E0072,S009,D003,2022-12-29,12,Completado satisfactoriamente
SR1071,E0123,S005,D004,2025-07-07,2,
SR1072,E0099,S007,D006,2024-01-28,10,
SR1073,E0009,S017,D005,2024-05-20,11,
SR1074,E0109,S001,D008,2025-01-19,3,
SR1075,E0023,S014,D005,2024-05-23,3,
SR1076,E0064,S004,D004,2024-06-09,2,
SR1077,E0115,S012,D006,2024-04-20,5,
SR1078,E0102,S017,D001,2025-04-12,10,Renovación automática
SR1079,E0051,S017,D005,2023-03-05,8,
SR1080,E0102,S006,D001,2023-06-07,2,
SR1081,E0050,S007,D002,2021-11-17,11,
SR1082,E0052,S007,D001,2024-11-06,12,
SR1083,E0129,S011,D002,2023-03-09,7,Sesión presencial
SR1084,E0148,S001,D003,2023-01-12,3,Renovación automática
SR1085,E0148,S009,D007,2024-01-08,10,Formato online
SR1086,E0071,S019,D007,2024-11-11,1,Pendiente de feedback
SR1087,E0081,S009,D004,2024-10-09,12,Sesión presencial
SR1088,E0102,S017,D005,2025-07-10,9,
SR1089,E0101,S005,D004,2024-11-02,2,Renovación automática
SR1090,E0099,S018,D002,2024-10-23,5,
SR1091,E0071,S018,D003,2023-05-22,1,Pendiente de feedback
SR1092,E0093,S003,D003,2023-04-25,1,
SR1093,E0085,S018,D004,2024-07-29,5,En progreso
SR1094,E0045,S005,D004,2024-05-10,3,
SR1095,E0070,S007,D006,2024-09-30,3,
SR1096,E0123,S013,D007,2021-08-12,8,
SR1097,E0081,S006,D008,2024-11-06,1,
SR1098,E0111,S015,D006,2025-10-24,12,
SR1099,E0004,S018,D006,2025-09-04,1,Formato online
SR1100,E0049,S013,D005,2022-03-08,3,
SR1101,E0134,S017,D003,2025-10-18,2,
SR1102,E0001,S009,D001,2022-01-11,11,
SR1103,E0088,S001,D007,2023-10-16,1,
SR1104,E0048,S018,D007,2021-09-16,3,
SR1105,E0077,S013,D006,2020-01-04,10,
SR1106,E0044,S017,D007,2024-02-08,11,
SR1107,E0114,S009,D001,2022-11-24,9,Formato online
SR1108,E0095,S007,D004,2023-09-01,2,
SR1109,E0083,S011,D003,2023-05-11,11,
SR1110,E0093,S001,D004,2025-06-23,3,
SR1111,E0007,S009,D006,2023-10-24,1,
SR1112,E0019,S017,D003,2025-06-05,5,
SR1113,E0015,S003,D003,2025-05-07,1,Sesión presencial
SR1114,E0097,S019,D008,2024-05-26,1,
SR1115,E0015,S019,D006,2023-11-24,2,
SR1116,E0036,S006,D003,2024-05-24,2,En progreso
SR1117,E0106,S001,D003,2023-01-20,1,En progreso
SR1118,E0025,S005,D007,2024-10-06,3,
SR1119,E0041,S006,D004,2025-08-24,2,Completado satisfactoriamente
SR1120,E0117,S018,D001,2021-12-21,1,Certificado obtenido
SR1121,E0132,S011,D002,2023-11-20,1,
SR1122,E0052,S017,D007,2023-02-25,12,
SR1123,E0082,S002,D005,2025-05-30,3,
SR1124,E0048,S012,D008,2024-01-24,11,
SR1125,E0088,S009,D004,2022-07-17,8,
SR1126,E0095,S017,D006,2023-02-26,12,Formato online
SR1127,E0114,S001,D008,2025-07-11,2,En progreso
SR1128,E0092,S013,D006,2020-01-28,7,
SR1129,E0116,S014,D008,2024-08-16,11,
SR1130,E0146,S021,D004,2024-05-28,2,
SR1131,E0106,S009,D003,2021-06-11,10,
SR1132,E0127,S003,D006,2024-11-10,2,
SR1133,E0136,S017,D004,2024-04-09,4,Pendiente de feedback
SR1134,E0104,S001,D001,2023-10-02,2,Sesión presencial
SR1135,E0111,S011,D007,2023-04-22,2,
SR1136,E0140,S001,D003,2024-03-02,1,
SR1137,E0109,S019,D005,2025-10-14,5,Pendiente de feedback
SR1138,E0120,S021,D008,2024-06-14,1,Certificado obtenido
SR1139,E0085,S005,D004,2024-04-20,2,Pendiente de feedback
SR1140,E0095,S020,D007,2024-01-06,5,
SR1141,E0004,S004,D006,2024-08-14,3,
SR1142,E0024,S003,D008,2024-06-25,3,
SR1143,E0072,S015,D003,2021-10-10,8,
SR1144,E0023,S018,D004,2023-12-25,1,
SR1145,E0115,S018,D002,2024-05-08,1,En progreso
SR1146,E0110,S021,D004,2025-03-16,2,Certificado obtenido
SR1147,E0063,S018,D003,2022-12-09,3,
SR1148,E0125,S016,D003,2025-04-27,8,
SR1149,E0056,S017,D005,2025-05-14,6,
SR1150,E0112,S019,D001,2022-12-22,3,Sesión presencial
SR1151,E0049,S012,D003,2025-01-29,12,
SR1152,E0068,S002,D008,2023-08-16,1,
SR1153,E0148,S021,D001,2024-08-10,4,
SR1154,E0132,S008,D007,2023-10-10,9,
SR1155,E0120,S005,D003,2024-09-17,3,
SR1156,E0136,S006,D008,2024-01-27,1,
SR1157,E0128,S012,D003,2024-10-23,12,
SR1158,E0088,S017,D005,2024-10-19,9,
SR1159,E0087,S008,D004,2024-04-29,9,
SR1160,E0038,S020,D003,2023-07-22,5,
SR1161,E0092,S019,D005,2024-04-01,1,
SR1162,E0125,S020,D004,2025-04-10,1,
SR1163,E0013,S014,D002,2024-02-27,9,
SR1164,E0087,S005,D008,2025-08-05,2,Certificado obtenido
SR1165,E0083,S010,D008,2024-05-10,12,
SR1166,E0022,S008,D008,2024-04-21,4,Renovación automática
SR1167,E0028,S014,D004,2025-10-19,11,Renovación automática
SR1168,E0137,S018,D002,2023-05-29,5,Renovación automática
SR1169,E0086,S014,D006,2025-08-30,10,Certificado obtenido
SR1170,E0091,S020,D007,2024-01-11,1,
SR1171,E0029,S017,D001,2025-06-26,1,
SR1172,E0132,S010,D004,2025-02-16,10,En progreso
SR1173,E0136,S007,D005,2024-02-11,5,
SR1174,E0030,S005,D003,2024-08-29,3,Sesión presencial
SR1175,E0101,S020,D003,2023-05-24,5,
SR1176,E0113,S019,D001,2025-03-31,5,Certificado obtenido
SR1177,E0131,S011,D005,2024-03-20,1,Pendiente de feedback
SR1178,E0026,S001,D002,2023-11-27,1,
SR1179,E0115,S012,D001,2024-08-31,3,En progreso
SR1180,E0011,S008,D005,2023-01-15,9,
SR1181,E0034,S021,D001,2025-08-06,4,
SR1182,E0036,S019,D001,2025-05-24,1,
SR1183,E0109,S015,D004,2024-01-22,1,
SR1184,E0146,S007,D008,2023-05-01,9,
SR1185,E0134,S005,D007,2025-11-05,3,
SR1186,E0116,S009,D001,2021-11-06,4,
SR1187,E0102,S003,D004,2023-10-18,1,
SR1188,E0002,S015,D006,2025-02-07,7,En progreso
SR1189,E0109,S010,D008,2021-10-12,6,
SR1190,E0060,S011,D006,2023-11-22,7,
SR1191,E0142,S004,D003,2023-03-04,2,Completado satisfactoriamente
SR1192,E0142,S009,D001,2024-04-23,4,
SR1193,E0079,S002,D007,2023-08-01,3,
SR1194,E0042,S005,D005,2024-07-27,2,Sesión presencial
SR1195,E0120,S017,D008,2025-04-15,11,
SR1196,E0063,S012,D004,2024-02-18,1,
SR1197,E0059,S006,D008,2023-12-25,1,
SR1198,E0036,S010,D006,2023-03-12,6,
SR1199,E0078,S016,D004,2022-03-17,7,
SR1200,E0136,S017,D005,2025-03-05,9,
SR1201,E0018,S010,D002,2023-12-28,11,
SR1202,E0048,S003,D005,2025-08-06,2,Certificado obtenido
SR1203,E0012,S021,D006,2024-07-06,2,
SR1204,E0044,S005,D001,2025-11-05,3,
SR1205,E0050,S002,D002,2025-03-20,3,Completado satisfactoriamente
SR1206,E0146,S003,D001,2025-02-13,3,
SR1207,E0016,S018,D003,2024-03-23,5,
SR1208,E0091,S021,D004,2024-09-04,5,Certificado obtenido
SR1209,E0026,S009,D002,2022-04-22,9,
SR1210,E0147,S016,D005,2024-02-01,1,Sesión presencial
SR1211,E0079,S011,D002,2023-09-17,9,
SR1212,E0113,S016,D003,2024-02-04,10,Pendiente de feedback
SR1213,E0066,S009,D004,2022-07-29,4,
SR1214,E0100,S021,D001,2025-07-13,2,
SR1215,E0102,S004,D002,2025-03-18,1,
SR1216,E0019,S021,D004,2025-05-12,2,
SR1217,E0135,S001,D004,2023-06-30,2,Renovación automática
SR1218,E0118,S012,D008,2025-10-06,8,
SR1219,E0090,S016,D004,2022-05-29,6,
SR1220,E0113,S003,D008,2025-02-20,3,Completado satisfactoriamente
SR1221,E0136,S010,D001,2024-12-21,9,
SR1222,E0056,S004,D004,2024-03-06,2,Completado satisfactoriamente
SR1223,E0051,S011,D002,2024-09-12,7,Pendiente de feedback
SR1224,E0110,S012,D004,2024-04-23,12,Completado satisfactoriamente
SR1225,E0131,S018,D003,2023-05-20,5,
SR1226,E0091,S007,D002,2023-03-28,3,
SR1227,E0100,S002,D006,2025-04-24,1,
SR1228,E0013,S007,D005,2021-11-28,2,
SR1229,E0025,S009,D003,2024-09-11,5,
SR1230,E0019,S008,D008,2025-08-10,11,
SR1231,E0098,S019,D006,2023-09-16,3,
SR1232,E0056,S013,D003,2022-08-28,10,
SR1233,E0125,S017,D002,2023-09-18,7,
SR1234,E0035,S015,D007,2021-08-18,10,
SR1235,E0054,S017,D005,2024-12-24,1,
SR1236,E0035,S006,D004,2025-09-01,2,
SR1237,E0016,S012,D001,2025-08-31,6,
SR1238,E0037,S006,D001,2024-04-21,1,Completado satisfactoriamente
SR1239,E0030,S007,D003,2025-02-22,2,Sesión presencial
SR1240,E0085,S017,D005,2024-05-17,8,Sesión presencial
SR1241,E0115,S003,D001,2023-08-20,1,
SR1242,E0116,S004,D007,2023-03-01,3,Pendiente de feedback
SR1243,E0036,S010,D001,2020-09-12,8,
SR1244,E0033,S019,D008,2022-12-29,1,
SR1245,E0117,S001,D003,2024-07-15,2,
SR1246,E0003,S009,D005,2022-10-01,4,
SR1247,E0024,S021,D004,2024-07-14,5,
SR1248,E0014,S009,D002,2023-04-18,11,En progreso
SR1249,E0098,S006,D008,2024-05-05,3,
SR1250,E0056,S005,D005,2025-10-03,3,
SR1251,E0088,S021,D001,2025-04-10,3,
SR1252,E0016,S013,D005,2021-05-16,12,Certificado obtenido
SR1253,E0018,S018,D008,2022-04-03,1,Certificado obtenido
SR1254,E0012,S005,D003,2025-07-06,3,
SR1255,E0004,S014,D007,2025-08-31,1,Certificado obtenido
SR1256,E0060,S008,D002,2022-06-04,3,
SR1257,E0128,S021,D005,2024-01-17,2,Formato online
SR1258,E0025,S012,D002,2025-03-28,1,
SR1259,E0112,S012,D005,2024-06-18,9,
SR1260,E0044,S012,D003,2024-02-19,8,Sesión presencial
SR1261,E0034,S018,D005,2025-04-28,5,
SR1262,E0050,S014,D003,2024-03-27,4,Certificado obtenido
SR1263,E0106,S007,D001,2024-09-12,9,
SR1264,E0127,S002,D004,2025-08-05,1,
SR1265,E0076,S011,D004,2023-10-09,6,
SR1266,E0086,S009,D004,2024-03-12,9,
SR1267,E0058,S006,D002,2025-04-20,3,
SR1268,E0099,S014,D007,2024-12-24,8,
SR1269,E0100,S004,D007,2024-10-16,1,Certificado obtenido
SR1270,E0093,S009,D008,2023-06-09,12,
SR1271,E0056,S019,D003,2023-03-15,2,
SR1272,E0062,S018,D001,2023-10-31,1,Certificado obtenido
SR1273,E0109,S009,D001,2024-12-18,7,
SR1274,E0033,S019,D001,2025-06-20,3,
SR1275,E0103,S014,D006,2025-08-30,10,
SR1276,E0048,S016,D003,2022-03-15,3,
SR1277,E0010,S005,D005,2025-01-12,2,Formato online
SR1278,E0005,S007,D001,2020-09-26,8,Pendiente de feedback
SR1279,E0078,S013,D004,2025-05-06,8,
SR1280,E0117,S014,D002,2024-12-03,8,
SR1281,E0095,S010,D006,2024-07-27,12,
SR1282,E0094,S010,D007,2023-01-05,6,
SR1283,E0136,S016,D001,2023-12-06,12,Certificado obtenido
SR1284,E0134,S006,D002,2023-06-17,2,
SR1285,E0079,S002,D007,2024-09-16,1,
SR1286,E0079,S003,D007,2025-03-30,2,
SR1287,E0041,S012,D006,2025-03-02,11,
SR1288,E0002,S002,D008,2024-09-11,2,Renovación automática
SR1289,E0058,S016,D006,2025-06-12,4,
SR1290,E0115,S018,D004,2024-12-08,1,
SR1291,E0038,S014,D006,2024-08-08,1,Certificado obtenido
SR1292,E0137,S010,D006,2025-09-20,9,Renovación automática
SR1293,E0136,S010,D002,2021-02-10,3,
SR1294,E0140,S016,D008,2023-08-29,10,
SR1295,E0118,S007,D003,2020-03-05,12,
SR1296,E0065,S020,D001,2023-10-07,4,Sesión presencial
SR1297,E0071,S018,D006,2022-04-18,1,
SR1298,E0086,S013,D004,2021-09-07,8,
SR1299,E0062,S014,D006,2024-03-25,5,Pendiente de feedback
SR1300,E0109,S001,D005,2023-04-16,2,
SR1301,E0051,S018,D006,2025-04-13,3,
SR1302,E0129,S012,D006,2024-07-31,8,
SR1303,E0051,S007,D002,2024-06-06,10,Certificado obtenido
SR1304,E0007,S002,D007,2024-02-04,3,
SR1305,E0137,S020,D004,2024-09-27,1,
SR1306,E0091,S012,D004,2025-10-13,9,
SR1307,E0058,S002,D001,2024-05-07,1,
SR1308,E0083,S019,D008,2022-10-28,2,
SR1309,E0014,S015,D008,2025-09-10,1,
SR1310,E0065,S006,D004,2023-05-28,3,
SR1311,E0076,S010,D002,2023-05-31,9,
SR1312,E0024,S011,D004,2025-10-16,4,
SR1313,E0003,S017,D002,2025-04-06,6,
SR1314,E0014,S005,D008,2025-09-13,2,
SR1315,E0117,S008,D004,2022-03-01,4,
SR1316,E0070,S004,D005,2023-03-23,2,
SR1317,E0036,S011,D006,2024-09-04,2,
SR1318,E0039,S021,D001,2024-12-23,3,
SR1319,E0004,S016,D001,2024-04-12,11,
SR1320,E0043,S004,D004,2024-11-12,1,
SR1321,E0099,S014,D008,2025-08-05,8,En progreso
SR1322,E0063,S010,D006,2025-06-07,11,
SR1323,E0007,S013,D007,2024-02-10,8,
SR1324,E0023,S013,D008,2020-11-07,3,
SR1325,E0082,S011,D004,2023-11-08,3,
SR1326,E0064,S011,D003,2024-07-20,8,
SR1327,E0004,S019,D005,2024-11-22,5,
SR1328,E0120,S017,D001,2023-01-06,3,
SR1329,E0132,S014,D006,2024-01-25,10,
SR1330,E0069,S007,D005,2021-05-27,5,
SR1331,E0050,S018,D006,2021-07-26,2,Pendiente de feedback
SR1332,E0025,S006,D004,2024-10-29,1,
SR1333,E0091,S004,D002,2023-02-28,3,
SR1334,E0014,S013,D003,2025-07-10,10,
SR1335,E0109,S018,D002,2025-05-14,3,
SR1336,E0035,S007,D005,2023-07-20,2,
SR1337,E0117,S021,D003,2025-10-11,2,Certificado obtenido
SR1338,E0029,S011,D005,2025-05-04,7,
SR1339,E0105,S004,D007,2024-12-06,2,
SR1340,E0090,S021,D005,2024-12-25,3,
SR1341,E0140,S007,D005,2025-02-02,8,
SR1342,E0128,S012,D003,2024-02-10,10,Certificado obtenido
SR1343,E0038,S016,D005,2025-05-27,11,
SR1344,E0134,S012,D008,2024-01-04,7,
SR1345,E0131,S004,D004,2023-08-22,3,
SR1346,E0149,S005,D008,2024-11-20,2,En progreso
SR1347,E0054,S013,D008,2024-11-07,10,En progreso
SR1348,E0034,S019,D003,2023-02-18,3,Completado satisfactoriamente
SR1349,E0124,S006,D003,2025-07-09,3,Completado satisfactoriamente
SR1350,E0080,S005,D006,2024-07-05,1,
SR1351,E0047,S018,D008,2025-03-06,4,
SR1352,E0117,S013,D008,2022-11-27,11,
SR1353,E0105,S003,D008,2024-12-08,3,
SR1354,E0047,S008,D008,2025-04-04,10,
SR1355,E0019,S002,D007,2024-03-09,2,
SR1356,E0037,S012,D001,2025-09-19,11,
SR1357,E0139,S004,D005,2025-08-18,2,
SR1358,E0062,S017,D002,2023-04-17,7,
SR1359,E0097,S011,D002,2025-03-01,5,
SR1360,E0002,S021,D007,2024-05-05,1,Sesión presencial
SR1361,E0076,S008,D002,2023-12-23,7,
SR1362,E0042,S017,D003,2025-01-18,12,Certificado obtenido
SR1363,E0075,S006,D001,2025-08-23,2,Renovación automática
SR1364,E0118,S008,D008,2025-04-30,6,
SR1365,E0071,S010,D007,2021-03-21,7,
SR1366,E0134,S002,D007,2025-04-01,2,
SR1367,E0109,S010,D001,2025-05-20,4,Completado satisfactoriamente
SR1368,E0056,S012,D001,2025-04-01,8,Sesión presencial
SR1369,E0149,S002,D001,2023-09-14,2,Renovación automática
SR1370,E0064,S001,D008,2025-09-27,1,
SR1371,E0027,S013,D007,2025-02-21,3,Pendiente de feedback
SR1372,E0059,S017,D001,2025-06-23,12,
SR1373,E0013,S014,D006,2024-12-17,10,
SR1374,E0142,S015,D006,2024-11-05,7,
SR1375,E0101,S007,D004,2022-07-26,5,
SR1376,E0027,S008,D002,2025-03-01,3,
SR1377,E0106,S011,D006,2025-03-31,4,
SR1378,E0142,S020,D004,2025-07-01,2,
SR1379,E0033,S009,D007,2021-11-18,5,
SR1380,E0105,S015,D002,2023-06-10,5,
SR1381,E0030,S009,D006,2025-09-25,7,
SR1382,E0095,S013,D006,2022-11-26,10,
SR1383,E0024,S020,D007,2024-08-07,5,
SR1384,E0013,S003,D007,2025-10-12,1,
SR1385,E0148,S002,D006,2024-08-31,3,
SR1386,E0043,S015,D002,2025-07-08,11,
SR1387,E0110,S002,D006,2025-11-08,1,
SR1388,E0029,S003,D006,2025-07-04,2,
SR1389,E0068,S012,D006,2024-04-18,11,
SR1390,E0013,S019,D005,2023-12-08,1,Renovación automática
SR1391,E0060,S020,D001,2024-12-22,5,
SR1392,E0070,S012,D007,2024-05-20,6,
SR1393,E0094,S016,D008,2022-03-18,5,
SR1394,E0101,S011,D004,2024-03-03,8,
SR1395,E0012,S017,D007,2025-01-04,2,
SR1396,E0071,S021,D007,2024-05-24,1,
SR1397,E0059,S017,D003,2023-10-25,3,Completado satisfactoriamente
SR1398,E0069,S002,D007,2023-11-16,3,
SR1399,E0076,S017,D004,2025-04-01,12,
SR1400,E0082,S020,D005,2025-03-06,4,
SR1401,E0038,S020,D002,2023-06-05,5,
SR1402,E0135,S020,D006,2024-11-06,1,
SR1403,E0036,S011,D006,2023-02-02,4,
SR1404,E0060,S018,D007,2025-02-17,3,Renovación automática
SR1405,E0062,S020,D003,2023-12-09,4,En progreso
SR1406,E0098,S008,D001,2023-04-05,1,
SR1407,E0029,S014,D004,2024-12-29,8,
SR1408,E0117,S016,D002,2023-04-24,2,Completado satisfactoriamente
SR1409,E0013,S003,D008,2023-09-05,1,
SR1410,E0042,S008,D001,2023-12-20,2,
SR1411,E0001,S005,D001,2025-02-02,3,
SR1412,E0025,S016,D004,2024-02-06,8,
SR1413,E0002,S021,D007,2025-05-28,3,Certificado obtenido
SR1414,E0111,S010,D001,2024-05-30,2,
SR1415,E0091,S009,D008,2021-09-05,12,Completado satisfactoriamente
SR1416,E0098,S003,D008,2025-07-21,2,
SR1417,E0024,S005,D004,2024-03-13,1,
SR1418,E0118,S006,D005,2023-11-23,1,
SR1419,E0018,S017,D003,2025-06-16,1,En progreso
SR1420,E0022,S007,D002,2022-05-30,9,
SR1421,E0093,S008,D005,2022-08-29,5,
SR1422,E0023,S004,D005,2024-09-08,3,
SR1423,E0047,S015,D004,2022-03-13,7,Pendiente de feedback
SR1424,E0072,S021,D007,2024-08-16,1,
SR1425,E0010,S013,D001,2022-12-26,3,
SR1426,E0070,S015,D008,2022-02-21,10,Renovación automática
SR1427,E0111,S014,D003,2024-11-14,10,
SR1428,E0120,S018,D006,2023-05-11,2,
SR1429,E0073,S005,D003,2025-03-30,1,
SR1430,E0026,S005,D001,2024-08-12,3,Sesión presencial
SR1431,E0132,S003,D001,2024-10-21,1,
SR1432,E0131,S005,D006,2025-08-25,3,
SR1433,E0022,S009,D005,2021-06-15,3,
SR1434,E0112,S013,D006,2020-02-07,5,Pendiente de feedback
SR1435,E0095,S015,D004,2024-11-08,11,
SR1436,E0027,S014,D006,2024-12-13,3,
SR1437,E0012,S006,D004,2023-05-10,1,
SR1438,E0139,S018,D004,2021-06-22,4,
SR1439,E0101,S004,D006,2022-10-17,1,
SR1440,E0078,S013,D006,2021-10-26,8,
SR1441,E0068,S020,D002,2025-09-12,2,
SR1442,E0147,S008,D001,2023-11-03,10,
SR1443,E0115,S020,D002,2023-08-05,2,
SR1444,E0091,S016,D002,2025-08-16,5,
SR1445,E0060,S020,D007,2024-11-13,2,Certificado obtenido
SR1446,E0087,S010,D003,2025-10-15,4,
SR1447,E0125,S008,D003,2023-10-07,5,
SR1448,E0112,S020,D005,2025-05-30,4,
SR1449,E0038,S020,D001,2023-06-22,3,
SR1450,E0148,S005,D004,2025-07-01,3,
SR1451,E0016,S002,D006,2024-09-28,2,
SR1452,E0071,S015,D005,2023-09-03,2,Certificado obtenido
SR1453,E0018,S018,D001,2022-12-15,5,Renovación automática
SR1454,E0109,S011,D005,2023-06-11,8,Formato online
SR1455,E0002,S011,D005,2024-04-07,11,
SR1456,E0137,S019,D005,2024-08-04,1,Pendiente de feedback
SR1457,E0083,S006,D008,2023-07-06,2,Pendiente de feedback
SR1458,E0098,S019,D001,2023-05-15,1,
SR1459,E0060,S013,D004,2023-10-23,5,Sesión presencial
SR1460,E0123,S003,D001,2024-10-16,3,Pendiente de feedback
SR1461,E0051,S013,D001,2024-01-08,2,
SR1462,E0028,S012,D001,2025-04-21,6,Pendiente de feedback
SR1463,E0042,S013,D006,2022-06-22,8,
SR1464,E0113,S007,D002,2024-10-02,10,
SR1465,E0018,S002,D005,2023-11-16,1,
SR1466,E0016,S014,D006,2024-10-08,6,
SR1467,E0052,S015,D001,2021-06-21,4,
SR1468,E0044,S004,D001,2023-01-24,2,Renovación automática
SR1469,E0116,S006,D001,2025-04-23,2,
SR1470,E0102,S015,D004,2025-05-10,9,
SR1471,E0117,S009,D004,2024-02-03,9,
SR1472,E0117,S008,D007,2022-01-30,5,
SR1473,E0077,S003,D005,2023-09-18,2,En progreso
SR1474,E0100,S014,D003,2024-03-10,9,Formato online
SR1475,E0054,S007,D001,2021-04-30,2,
SR1476,E0080,S013,D002,2020-05-16,6,
SR1477,E0146,S004,D008,2025-04-24,2,Sesión presencial
SR1478,E0060,S009,D001,2025-11-08,4,Pendiente de feedback
SR1479,E0077,S009,D004,2021-01-19,7,Sesión presencial
SR1480,E0018,S001,D005,2023-11-16,2,
SR1481,E0086,S013,D004,2021-01-22,3,
SR1482,E0058,S002,D003,2025-09-13,2,Pendiente de feedback
SR1483,E0106,S020,D005,2023-11-05,3,Sesión presencial
SR1484,E0128,S006,D007,2025-06-22,1,
SR1485,E0043,S010,D007,2023-12-29,6,
SR1486,E0054,S020,D008,2024-09-28,1,
SR1487,E0045,S003,D006,2025-03-13,3,
SR1488,E0127,S003,D003,2024-12-17,3,
SR1489,E0139,S015,D001,2025-10-11,11,
SR1490,E0037,S001,D003,2025-10-10,1,
SR1491,E0101,S001,D007,2024-10-16,1,
SR1492,E0085,S008,D001,2022-09-11,12,
SR1493,E0098,S011,D008,2023-09-19,7,
SR1494,E0147,S001,D008,2023-12-12,2,
SR1495,E0072,S002,D004,2025-07-11,3,
SR1496,E0019,S011,D007,2025-01-15,12,Sesión presencial
SR1497,E0079,S013,D005,2022-01-20,4,
SR1498,E0062,S012,D004,2025-01-19,12,
SR1499,E0078,S004,D002,2024-03-17,1,Completado satisfactoriamente
SR1500,E0125,S017,D003,2024-11-26,12,
SR1501,E0091,S006,D003,2023-09-10,1,
SR1502,E0148,S009,D007,2025-11-07,1,
SR1503,E0114,S008,D003,2023-12-09,5,
SR1504,E0051,S012,D003,2025-05-07,10,En progreso
SR1505,E0092,S020,D007,2023-05-04,3,
SR1506,E0098,S007,D002,2020-11-09,12,
SR1507,E0083,S016,D004,2023-05-30,8,En progreso
SR1508,E0085,S004,D004,2023-11-02,1,
SR1509,E0050,S011,D002,2023-06-18,7,Renovación automática
SR1510,E0123,S012,D003,2025-04-11,2,
SR1511,E0097,S010,D007,2021-03-26,12,
SR1512,E0004,S015,D001,2022-01-25,9,
SR1513,E0114,S012,D006,2025-09-10,9,
SR1514,E0016,S015,D005,2023-11-23,3,
SR1515,E0043,S002,D002,2023-07-22,2,
SR1516,E0100,S014,D003,2024-07-14,9,
SR1517,E0083,S007,D008,2023-04-22,6,Completado satisfactoriamente
SR1518,E0039,S003,D002,2025-09-15,3,
SR1519,E0114,S007,D005,2021-03-28,10,
SR1520,E0094,S001,D007,2023-06-15,3,
