Countries,TrackName,ArtistName,AlbumName,Popularity,Date,Duration
"AUS, CAN, DEU, GBR, USA","""Slut!"" (Taylor's Version) (From The Vault)",Taylor Swift,1989 (Taylor's Version),91,2023-10-26,3:00
GBR,(It Goes Like) Nanana - Edit,Peggy Gou,(It Goes Like) Nanana,44,2023-09-29,3:51
FRA,1 2 3 4,Zokush,SÛR ET CERTAIN,64,2023-06-22,3:00
DEU,14 PASSENGER,reezy,NUR DAMIT DU WEISST,79,2023-10-20,2:26
DEU,2 Germans (feat. Gzuz),Luciano,2 Germans (feat. Gzuz),77,2023-10-26,2:29
DEU,2003,Liaze,2003,76,2023-10-20,2:16
ITA,2minuti,Calcutta ,RELAX,76,2023-10-20,3:34
"CAN, USA",500lbs,Lil Tecca,TEC,83,2023-09-22,2:24
DEU,9 bis 9,SIRA,9 bis 9,82,2023-05-05,2:11
ESP,A 300,JC Reyes,A 300,78,2023-02-17,2:49
ITA,ABC (feat. Bello Figo),Slings,TRAPHOUSE,62,2023-10-20,2:23
ARG,ADIÓS,Maria Becerra,LA NENA DE ARGENTINA,82,2022-12-08,2:40
ECU,AMARGURA,KAROL G,MAÑANA SERÁ BONITO,90,2023-02-24,2:50
ARG,ANDO,Jere Klein,ANDO,87,2023-09-27,2:52
ITA,ANELLI E COLLANE (feat. ANNA),Artie 5ive,ASPETTANDO LA BELLA VITA,77,2023-07-20,3:09
DEU,ANGST>LIEBE,Ellice,ANGST>LIEBE,75,2023-10-13,2:59
ITA,ANTHEM,Salmo,CVLT,71,2023-11-03,2:18
ARG,ASI ES LA VIDA,Enrique Iglesias,ASI ES LA VIDA,83,2023-09-28,2:52
ARG,ATORRANTE - con Los Palmeras,Emanero,ATORRANTE - con Los Palmeras,78,2023-07-08,4:12
"AUS, CAN, GBR, USA",Agora Hills,Doja Cat,Scarlet,82,2023-09-20,4:25
BRA,Agudo Mágico 4,MC K.K,Agudo Mágico 4,79,2023-08-25,3:10
ARG,Ahi Ahi,El negro tecla,Ahi Ahi,77,2021-12-08,2:56
FRA,Ailleurs,Josman,J.000.$,67,2023-10-28,2:45
DEU,Airplanes,badmómzjay,Airplanes,76,2023-09-07,2:26
"CAN, GBR, USA",All I Want for Christmas Is You,Mariah Carey,Merry Christmas,86,1994-10-28,4:01
FRA,All for U (Ameyatchi),King Serenity,All for U (Ameyatchi),73,2023-06-14,2:45
ITA,Alta marea,Coez,Lovebars,67,2023-09-08,2:51
ITA,Ancora,Rhove,Ancora,75,2023-06-21,2:51
"DEU, FRA, GBR",Another Love,Tom Odell,Long Way Down (Deluxe),92,2013-06-24,4:04
"AUS, CAN, GBR",Anti-Hero,Taylor Swift,Midnights,93,2022-10-21,3:20
ESP,Antidepresivos,Saiko,Antidepresivos,78,2023-08-03,2:25
ESP,Arena y Sal,Omar Montes,Arena y Sal,79,2023-05-18,2:54
FRA,Arranca (feat. Omega),Becky G,Arranca (feat. Omega),81,2023-03-10,2:46
"AUS, GBR",As It Was,Harry Styles,Harry's House,95,2022-05-20,2:47
GBR,Asking,Sonny Fodera,Asking,80,2023-07-07,3:11
FRA,Avec Toi,OBOY,OMEGA,73,2019-07-12,3:13
ESP,BABY HELLO,Rauw Alejandro,PLAYA SATURNO,79,2023-07-07,3:42
ECU,BABY NUEVA,Bad Bunny,nadie sabe lo que va a pasar mañana,90,2023-10-13,4:00
FRA,BALLE DANS LE COEUR,Ikaz Boi,BRUT4L,70,2023-09-29,2:40
MEX,BIPOLAR,Peso Pluma,BIPOLAR,87,2023-09-07,4:25
ITA,"BON TON (feat. Lazza, Blanco, Sfera Ebbasta & Michelangelo)",Drillionaire,10,61,2023-06-28,3:58
ITA,BRUJERIA,Salmo,CVLT,69,2023-11-03,3:12
ITA,Baby Mama,Don Pero,Baby Mama,75,2022-10-27,2:31
ARG,Bad Boy,Sayian Jimmy,Bad Boy,78,2023-07-07,2:41
GBR,"Baddadan (feat. IRAH, Flowdan, Trigga & Takura)",Chase & Status,"Baddadan (feat. IRAH, Flowdan, Trigga & Takura)",83,2023-07-27,2:57
BRA,Baile do Bruxo,Tropa do Bruxo,Baile do Bruxo,86,2023-09-29,3:41
BRA,Ballena,Vulgo FK,Perdas & Ganhos,83,2023-07-14,3:20
ESP,Bandidona,Saiko,Bandidona,74,2023-10-26,2:40
AUS,Barbie World (with Aqua) [From Barbie The Album],Nicki Minaj,Barbie World (with Aqua) [From Barbie The Album],90,2023-06-23,1:49
BRA,Barulho Do Foguete - Ao Vivo,Zé Neto & Cristiano,"Escolhas, Vol. 2 (Ao Vivo)",87,2023-06-22,2:13
USA,Blank Space (Taylor's Version),Taylor Swift,1989 (Taylor's Version),89,2023-10-26,3:51
DEU,Blonde Chaya - Sped up,Amaru,Blonde Chaya (Sped up),80,2023-09-08,3:01
FRA,Bolide allemand,SDM,Liens du 100,80,2022-12-02,2:56
FRA,Boyz In Paris (with VINAI),Marnik,Boyz In Paris (with VINAI),83,2023-07-28,2:31
ESP,Buenas,Quevedo,Buenas,86,2023-09-22,3:12
MEX,CCC - Remix,Michelle Maciel,CCC (Remix),85,2023-08-31,2:27
ECU,CHORRITO PA LAS ANIMAS,Feid,SIXDO,85,2022-12-02,2:48
ITA,"CLAP CLAP (feat. Artie 5ive, Niky Savage)",Sadturs,NO REGULAR MUSIC,67,2023-10-27,2:13
ITA,COME VUOI,Geolier,IL CORAGGIO DEI BAMBINI,78,2023-01-06,2:52
ARG,CORAZÓN VACÍO,Maria Becerra,CORAZÓN VACÍO,86,2023-06-22,2:40
ESP,COSAS QUE NO TE DIJE,Saiko,COSAS QUE NO TE DIJE,81,2021-09-17,3:44
ITA,CRINGE,Salmo,CVLT,70,2023-11-03,3:12
ITA,CROCI € CRISTI,Salmo,CVLT,68,2023-11-03,2:34
ITA,CVLT (feat. Kid Yugi),Salmo,CVLT,71,2023-11-03,3:46
ITA,Cadillac (feat. Artie 5ive),Boro,Cadillac (feat. Artie 5ive),81,2023-09-21,2:35
"AUS, CAN",Calm Down (with Selena Gomez),Rema,Rave & Roses Ultra,81,2023-04-27,3:59
BRA,Canudinho - Ao Vivo,Gusttavo Lima,Canudinho (Ao Vivo),88,2023-08-30,2:04
"CAN, GBR, USA",Can’t Catch Me Now - from The Hunger Games: The Ballad of Songbirds & Snakes,Olivia Rodrigo,Can’t Catch Me Now (from The Hunger Games: The Ballad of Songbirds & Snakes),80,2023-11-03,3:25
ECU,Caraluna,Bacilos,Caraluna,84,2002-06-25,4:26
FRA,Casanova,Soolking,Casanova,86,2023-07-06,3:09
FRA,Celui qui part,Joseph Kamel,Miroirs,45,2023-10-27,2:36
MEX,Ch y la Pizza,Fuerza Regida,Pa Que Hablen,83,2022-12-30,2:16
ITA,Che t'o dico a fa',Angelina Mango,Che t'o dico a fa',78,2023-10-06,3:07
AUS,Chemical,Post Malone,Chemical,88,2023-04-14,3:04
FRA,Chemin d'or,Werenoi,Carré,75,2023-03-10,3:32
"ARG, ECU",Chulo pt.2,Bad Gyal,Chulo pt.2,90,2023-06-22,3:39
MEX,Chupón,El Gudi,Chupón,83,2023-08-25,3:21
ITA,Ci pensiamo domani,Angelina Mango,Ci pensiamo domani,76,2023-05-12,3:00
"ARG, ECU, ESP, MEX",Classy 101,Feid,Classy 101,93,2023-03-31,3:15
DEU,Cold Princess,Luciano,Cold Princess,76,2023-10-12,2:33
"ARG, ECU, ESP",Columbia,Quevedo,Columbia,95,2023-07-07,3:06
ESP,Corazón Roto pt. 3,Brray,Corazón Roto pt. 3,86,2023-09-08,5:48
"AUS, CAN, DEU, GBR, USA",Cruel Summer,Taylor Swift,Lover,99,2019-08-23,2:58
DEU,Cynical,twocolors,Cynical,82,2023-06-30,3:11
BRA,DENTRO DA HILUX,Luan Pereira,DENTRO DA HILUX,87,2023-08-24,2:42
FRA,DIE,Gazo,KMT,75,2022-07-01,4:00
ESP,DILUVIO,Rauw Alejandro,PLAYA SATURNO,85,2023-07-07,3:17
ARG,DIME SI ERES FELIZ VOL.2,BM,DIME SI ERES FELIZ VOL.2,79,2023-08-30,2:38
ITA,DIMMI CHE NON È UN ADDIO,Holden,DIMMI CHE NON È UN ADDIO,55,2023-11-07,2:57
ARG,DISCOTEKA (feat. Locura Mix),The La Planta,DISCOTEKA (feat. Locura Mix),78,2023-02-16,3:24
ARG,DISPARA ***,Nicki Nicole,ALMA,81,2023-05-18,2:23
GBR,DNA (Loving You) [feat. Hannah Boleyn],Billy Gillies,DNA (Loving You) [feat. Hannah Boleyn],76,2023-07-28,2:44
"ECU, ESP",DONDE SE APRENDE A QUERER?,Mora,ESTRELLA,86,2023-08-28,2:24
ARG,Dale Mecha,Mesita,Dale Mecha,77,2023-05-02,2:30
DEU,"Dance For Me (1, 2, 3) - Stutter Techno",Sonny Wern,"Dance For Me (1, 2, 3) [Stutter Techno]",67,2023-10-06,2:27
"AUS, CAN, FRA, GBR",Dance The Night - From Barbie The Album,Dua Lipa,Dance The Night (From Barbie The Album),94,2023-05-25,2:56
BRA,Daqui pra Sempre,Manu,Daqui pra Sempre,85,2023-09-22,3:22
USA,Dark Red,Steve Lacy,Dark Red,90,2017-02-20,2:53
"AUS, CAN, DEU, FRA, GBR",Daylight,David Kushner,Daylight,95,2023-04-14,3:32
FRA,Demain,PLK,2069',74,2023-04-13,3:03
FRA,Desire (with Sam Smith),Calvin Harris,Desire (with Sam Smith),87,2023-07-28,2:59
BRA,Devia Ser Proibido - Ao Vivo Em Brasília,Henrique & Juliano,To Be (Ao Vivo Em Brasília),83,2023-07-28,2:53
GBR,Disconnect,Becky Hill,Disconnect,80,2023-07-14,2:44
BRA,Dois Fugitivos - Ao Vivo,Simone Mendes,Cintilante (Ao Vivo / Vol.2),71,2023-10-20,2:53
AUS,Dreams - 2004 Remaster,Fleetwood Mac,Rumours (Super Deluxe),89,1977-02-04,4:17
BRA,Duas Três,Guilherme & Benuto,Duas Três,85,2023-02-09,2:36
ECU,Déjala Que Vuelva (feat. Manuel Turizo),Piso 21,Ubuntu,84,2018-05-11,3:40
MEX,EL AMOR DE SU VIDA,Grupo Frontera,El Comienzo,90,2023-08-25,2:45
ESP,EL TONTO,Lola Indigo,EL DRAGÓN,77,2023-04-13,3:08
MEX,ELOVRGA,Alex Favela,ELOVRGA,91,2023-08-18,3:14
ITA,"EVERYDAY (feat. Shiva, ANNA, Geolier)",Takagi & Ketra,"EVERYDAY (feat. Shiva, ANNA, Geolier)",84,2023-10-13,3:10
DEU,EWIGKEIT - REMIX,erobé,EWIGKEIT (REMIX),79,2023-06-23,2:17
MEX,EXCESOS,Fuerza Regida,Pa las Baby's Y Belikeada,83,2023-10-20,3:07
ARG,El Amor De Mi Vida,Los Ángeles Azules,El Amor De Mi Vida,59,2023-08-18,3:04
MEX,El Azul,Junior H,El Azul,89,2023-02-10,3:07
"ECU, ESP",El Cielo,Sky Rompiendo,El Cielo,88,2023-06-02,3:11
ESP,El Mambo,Kiko Rivera,El Mambo,83,2023-07-13,2:09
ESP,El Merengue,Marshmello,Sugar Papi,60,2023-11-02,3:09
"MEX, USA",Ella Baila Sola,Eslabon Armado,DESVELADO,86,2023-04-28,2:45
FRA,Emorio,Trinix,Emorio,76,2023-04-28,2:43
ARG,En La Intimidad | CROSSOVER #1,Big One,En La Intimidad | CROSSOVER #1,80,2023-02-01,2:52
DEU,Enchanté,Sosa La M,Enchanté,78,2023-09-15,1:36
ARG,Entre Beso y Beso,Ke Personajes,Entre Beso y Beso,78,2023-08-30,2:33
BRA,Erro Gostoso - Ao Vivo,Simone Mendes,Cintilante (Ao Vivo / Vol.2),68,2023-10-20,2:58
ECU,Es un Secreto,Plan B,House Of Pleasure,72,2010-07-20,3:10
ECU,Escápate Conmigo - Remix,Wolfine,Escápate Conmigo (Remix),85,2012-09-06,2:47
BRA,Eu Não Dou Conta - Ao Vivo,Israel & Rodolffo,Eu Não Dou Conta (Ao Vivo),80,2023-09-21,2:49
ARG,Exclusive.mp3,Emilia,.mp3,70,2023-11-03,2:00
"ECU, ESP",FINA,Bad Bunny,nadie sabe lo que va a pasar mañana,93,2023-10-13,3:36
FRA,FLASHBACK,Favé,IL LE FALLAIT,69,2023-10-13,2:56
ARG,FLECHAZO EN EL CENTRO,YSY A,TU DUO FAVORITO,82,2023-09-06,3:06
FRA,FLEURS (feat. Tiakola),Gazo,KMT,74,2022-07-01,3:30
ITA,Fantasmi (feat. Geolier),Rose Villain,Radio Gotham,75,2023-01-20,2:13
"AUS, CAN",Fast Car,Luke Combs,Gettin' Old,89,2023-03-24,4:25
BRA,Faz um Vuk Vuk (Teto Espelhado),MC Kevin o Chris,Faz um Vuk Vuk (Teto Espelhado),88,2023-07-20,2:18
ECU,Feliz Cumpleaños Ferxxo,Feid,FELIZ CUMPLEAÑOS FERXXO TE PIRATEAMOS EL ÁLBUM,87,2022-09-14,2:35
BRA,Fernando de Noronha,Mc IG,Meu Nome Não é Igor %,75,2023-08-31,7:48
DEU,Feuer Wasser Sturm,Niclov,Feuer Wasser Sturm,79,2023-08-25,2:16
MEX,Fin de Semana,Oscar Maydon,Fin de Semana,87,2023-01-13,3:44
"CAN, USA",First Person Shooter (feat. J. Cole),Drake,For All The Dogs,92,2023-10-06,4:07
AUS,Flowers,Miley Cyrus,Endless Summer Vacation,92,2023-08-18,3:20
BRA,Fode Bem,Felipe Amorim,Fode Bem,74,2023-07-19,2:16
ITA,Freaky (feat. Shiva & Niky Savage),Slings,TRAPHOUSE,73,2023-10-20,2:56
"ARG, ECU, ESP",Fruto,Bizarrap,en dormir sin Madrid,91,2023-10-04,2:13
BRA,Furduncinho do Rogerinho,MC Rogerinho,Furduncinho do Rogerinho,84,2023-07-27,2:59
ESP,GATITA GANGSTER,KAROL G,MAÑANA SERÁ BONITO (BICHOTA SEASON),81,2023-08-10,2:50
ITA,GRINDHOUSE,Salmo,CVLT,67,2023-11-03,2:36
ARG,GTA.mp3,Emilia,.mp3,67,2023-11-03,2:31
ITA,"Gelosa (feat. Shiva, Sfera Ebbasta, Guè)",Finesse,"Gelosa (feat. Shiva, Sfera Ebbasta, Guè)",78,2023-02-24,3:02
FRA,Gimme Love,Sia,Gimme Love,81,2023-09-13,3:34
AUS,Got Me Started,Troye Sivan,Something To Give Each Other,82,2023-10-13,3:18
"ECU, MEX, USA",HARLEY QUINN,Fuerza Regida,Pa las Baby's Y Belikeada,90,2023-10-20,2:23
"ECU, ESP",HIBIKI,Bad Bunny,nadie sabe lo que va a pasar mañana,92,2023-10-13,3:28
BRA,Halls na Língua,Kadu Martins,Halls na Língua,82,2023-03-24,3:12
AUS,Heat Waves,Glass Animals,Dreamland,91,2020-08-07,3:58
ECU,Hey Mor,Ozuna,OzuTochi,87,2022-10-07,3:16
ITA,Hoe (feat. Sfera Ebbasta),Tedua,La Divina Commedia,78,2023-06-02,2:17
"ARG, ECU, ESP",Holanda,Jhayco,Holanda,92,2023-07-28,3:51
DEU,Hässlich,AYLIVA,Schwarzes Herz,82,2023-08-25,2:16
AUS,I Ain't Worried,OneRepublic,"I Ain’t Worried (Music From The Motion Picture ""Top Gun: Maverick"")",91,2022-05-13,2:28
"CAN, USA",I KNOW ?,Travis Scott,UTOPIA,92,2023-07-28,3:31
"AUS, CAN, GBR, USA",I Remember Everything (feat. Kacey Musgraves),Zach Bryan,Zach Bryan,93,2023-08-25,3:47
GBR,I Wanna Be Yours,Arctic Monkeys,AM,95,2013-09-09,3:03
"AUS, CAN, GBR, USA",IDGAF (feat. Yeat),Drake,For All The Dogs,94,2023-10-06,4:20
ITA,IL MALE CHE MI FAI (feat. Marracash),Geolier,IL CORAGGIO DEI BAMBINI - ATTO II,77,2023-04-07,2:47
ITA,INCUBI,Salmo,CVLT,70,2023-11-03,2:42
DEU,Ich will nur dass du weißt - IIVEN Remix,SDP,Ich will nur dass du weißt (IIVEN Remix),77,2023-07-27,2:36
DEU,In deinen Armen,AYLIVA,Schwarzes Herz,75,2023-08-25,2:21
ITA,Insta Lova,Marracash,Santeria,80,2016-06-24,3:26
"AUS, GBR",Iris,The Goo Goo Dolls,Dizzy up the Girl,87,1998-09-11,4:49
"AUS, CAN, DEU, GBR, USA",Is It Over Now? (Taylor's Version) (From The Vault),Taylor Swift,1989 (Taylor's Version),93,2023-10-26,3:49
FRA,J'fais que danser,Jul,J'fais que danser,63,2023-11-03,2:53
CAN,Jimmy Cooks (feat. 21 Savage),Drake,"Honestly, Nevermind",90,2022-06-17,3:38
DEU,KETAMIN,YAKARY,KETAMIN,75,2023-06-16,2:52
ITA,KILOMETRI,Salmo,CVLT,67,2023-11-03,2:25
"AUS, CAN, USA",Kill Bill,SZA,SOS,92,2022-12-08,2:33
ITA,Kiss You (F**k You) [feat. Geolier],Yung Snapp,HOTEL MONTANA,75,2023-09-01,3:27
DEU,Komet,Udo Lindenberg,Komet,80,2023-01-19,2:47
DEU,Komm mit,badmómzjay,Komm mit,69,2023-10-26,2:39
ECU,LA INOCENTE,Mora,MICRODOSIS,87,2022-04-01,3:22
MEX,LA PEOPLE,Peso Pluma,GÉNESIS,84,2023-06-29,2:33
FRA,LA RUE,No Limit,LA RUE,75,2023-06-05,3:45
"ECU, MEX, USA",LADY GAGA,Peso Pluma,GÉNESIS,95,2023-06-29,3:32
MEX,LAGUNAS,Peso Pluma,GÉNESIS,88,2023-06-29,3:51
FRA,LAISSE MOI,KeBlack,LAISSE MOI,81,2023-09-08,2:48
"ARG, ECU, ESP, ITA, MEX",LALA,Myke Towers,LA VIDA ES UNA,97,2023-03-23,3:17
MEX,LOU LOU,Gabito Ballesteros,LOU LOU,89,2023-10-19,3:08
ESP,LUCES DE TECNO,Feid,"MOR, No Le Temas a La Oscuridad",82,2023-09-29,2:44
ESP,La Baby,Brytiago,La Baby,69,2023-10-27,2:41
"ECU, ESP",La Bachata,Manuel Turizo,2000,85,2023-03-17,2:42
"ECU, MEX",La Bebe - Remix,Yng Lvcas,La Bebe (Remix),91,2023-03-17,3:54
FRA,La League,Werenoi,La League,74,2021-03-03,2:53
ARG,La Morocha,Luck Ra,La Morocha,85,2023-07-07,2:14
MEX,La Víctima,Xavi,La Víctima,86,2023-08-17,2:36
"ARG, ESP",La_Original.mp3,Emilia,.mp3,71,2023-11-03,2:20
FRA,Laboratoire,Werenoi,Carré,78,2023-03-10,2:42
BRA,Lapada Dela - Ao Vivo,Grupo Menos É Mais,Confia (Ao Vivo),87,2023-01-20,2:39
DEU,Lass mich gehen,AYLIVA,Schwarzes Herz,78,2023-08-25,2:37
GBR,Last Christmas - Single Version,Wham!,The Singles: Echoes from the Edge of Heaven,70,2023-07-07,4:25
"AUS, CAN, USA",Last Night,Morgan Wallen,One Thing At A Time,86,2023-03-03,2:43
FRA,Le feu,Kendji Girac,L'école de la vie,72,2022-11-11,3:57
FRA,Les Flammes,Josman,J.000.$,69,2023-10-28,3:13
BRA,Let's Go 4,Dj GBR,Let's Go 4,89,2023-08-29,10:41
BRA,Leão,Marília Mendonça,Decretos Reais,75,2023-05-25,2:46
DEU,LiEBE AUF DER RÜCKBANK,FiNCH,DORFDiSKO ZWEi,74,2023-06-01,3:08
DEU,Liebe Grüsse,RAF Camora,Liebe Grüsse,80,2023-10-27,2:16
AUS,Lil Boo Thang,Paul Russell,Lil Boo Thang,86,2023-08-18,1:54
ARG,Linda - Remix,Marka Akme,Linda (Remix),81,2023-09-27,3:54
GBR,Liquor & Cigarettes (feat. ArrDee),Chase & Status,Liquor & Cigarettes (feat. ArrDee),77,2023-09-15,3:09
"ARG, ECU, ESP, MEX",Lollipop,Darell,EVERYBODY GO TO THE DISCOTEK,95,2023-07-28,3:19
"ARG, ESP",Los del Espacio,LIT killah,Los del Espacio,88,2023-06-01,5:38
CAN,Lose Control,Teddy Swims,I've Tried Everything But Therapy (Part 1),80,2023-09-15,3:30
BRA,Love Gostosinho - Ao Vivo,NATTAN,O Fantástico Mundo De Nattan (Ao Vivo),82,2022-12-08,2:44
USA,Lovers Rock,TV Girl,French Exit,90,2014-06-05,3:33
ARG,Luck Ra | Mission 15,Alan Gomez,Luck Ra | Mission 15,78,2023-05-17,2:13
ARG,Lágrimas | CROSSOVER #4,Big One,Lágrimas | CROSSOVER #4,82,2023-10-10,2:36
DEU,MAXIMUM RIZZ,Ski Aggu,denk mal drüber nach...,72,2023-10-12,2:27
BRA,MEIO TERMO - Ao Vivo,Luan Santana,LUAN CITY 2.0 - FASE 1,85,2023-06-08,2:55
"ECU, MEX",MI EX TENÍA RAZÓN,KAROL G,MAÑANA SERÁ BONITO (BICHOTA SEASON),89,2023-08-10,2:34
ITA,MILANO,BIA,REALLY HER (INTL DELUXE),79,2023-09-29,3:14
ITA,MIRACOLO,Salmo,CVLT,69,2023-11-03,2:54
ESP,MODELITO,Mora,PARAÍSO,85,2022-11-03,3:10
ECU,MOJABI GHOST,Tainy,DATA,89,2023-06-29,3:48
"ARG, CAN, ECU, ESP, MEX, USA",MONACO,Bad Bunny,nadie sabe lo que va a pasar mañana,98,2023-10-13,4:27
BRA,MONTAGEM ANOS 2000,DJ Arana,A.Mago - Playlist do Mago,85,2023-09-07,2:58
BRA,MULHER SEGURA - Ao Vivo,Luan Santana,LUAN CITY 2.0 - FASE 2,83,2023-09-14,3:10
ITA,MY LOVE SONG 2 (feat. Coez & Frah Quintale),Salmo,CVLT,70,2023-11-03,2:54
ESP,Madrid City,Ana Mena,Madrid City,76,2023-09-29,2:52
BRA,Mala dos Porta-Mala - Ao Vivo,Gusttavo Lima,Mala dos Porta-Mala (Ao Vivo),86,2023-07-08,2:33
BRA,Manda um Oi - Ao Vivo,Guilherme & Benuto,Manda um Oi (Ao Vivo),84,2023-05-11,2:46
ARG,Me Escapé,DobleP,Me Escapé,72,2023-09-07,2:44
ECU,Me Porto Bonito,Bad Bunny,Un Verano Sin Ti,90,2022-05-06,2:58
DEU,Meine 1,1986zig,Meine 1,74,2023-10-13,3:04
ARG,Mentiras | CROSSOVER #3,Big One,Mentiras | CROSSOVER #3,82,2023-07-25,2:47
FRA,Meridian,Dave,Meridian & Special,75,2023-08-25,4:15
FRA,Meuda,Tiakola,Mélo,78,2022-05-27,2:32
MEX,Mi Bello Angel,Natanael Cano,Nata Montana,88,2023-06-30,3:08
MEX,Mi Kryptonita,Doble ONE Flow Letal,Talento De Vida,78,2023-10-11,3:08
ESP,Mi Luz (ft. Rels B),Rvfv,NASTU,81,2022-01-28,2:48
"ARG, ECU, ESP","Milo J: Bzrp Music Sessions, Vol. 57",Bizarrap,"Milo J: Bzrp Music Sessions, Vol. 57",88,2023-10-03,3:12
MEX,Mood Malandro,Código FN,Mood Malandro,87,2023-08-24,3:11
"AUS, GBR",Mr. Brightside,The Killers,Hot Fuss,88,2004,3:42
DEU,Ms. Jackson,Pashanim,Ms. Jackson,82,2023-08-24,2:27
FRA,Mucho cuir,Rsko,Memory,61,2023-11-03,3:05
"AUS, CAN, GBR, USA",My Love Mine All Mine,Mitski,The Land Is Inhospitable and So Are We,97,2023-09-15,2:17
DEU,Mädchen auf dem Pferd,Luca-Dante Spadafora,Mädchen auf dem Pferd,81,2023-05-12,2:37
ECU,NO ME QUIERO CASAR,Bad Bunny,nadie sabe lo que va a pasar mañana,87,2023-10-13,3:45
ESP,NO PIENSO LLAMAR,Soge Culebra,STORM,68,2023-10-13,3:18
BRA,Narcisista - Ao Vivo,Maiara & Maraisa,"Ao Vivo Em Portugal, Vol. 1",66,2023-09-28,3:31
ESP,Narcotics (with Bryant Myers),Dei V,Narcotics (with Bryant Myers),83,2023-09-14,2:53
ARG,Ni Una Ni Dos,BM,Ni Una Ni Dos,84,2023-06-28,2:41
ITA,Nightmares,Bresh,Nightmares,77,2023-09-29,3:21
ESP,No Estuviste En Lo Malo - REMIX,Morad,No Estuviste En Lo Malo (REMIX),78,2023-10-04,4:28
"AUS, CAN, USA",No Role Modelz,J. Cole,2014 Forest Hills Drive,91,2014-12-09,4:52
FRA,No love,Ninho,NI,76,2023-06-30,3:22
ARG,No soy Eterno,Bizarrap,en dormir sin Madrid,86,2023-10-04,2:32
"ARG, ESP",No_Se_Ve.mp3,Emilia,.mp3,65,2023-11-03,3:23
ECU,Normal,Feid,FELIZ CUMPLEAÑOS FERXXO TE PIRATEAMOS EL ÁLBUM,84,2022-09-14,2:51
BRA,Nosso Quadro,AgroPlay,Nosso Quadro,80,2023-02-02,2:53
DEU,Not Fair,Niklas Dee,Not Fair,59,2023-06-30,2:43
FRA,Nouvelles,PLK,2069',76,2023-04-13,2:59
BRA,Novidade na Área,Mc Livinho,Novidade na Área,85,2023-06-23,2:00
BRA,Novo Balanço,Veigh,Dos Prédios Deluxe,85,2023-05-19,2:20
"CAN, GBR",Now And Then,The Beatles,Now And Then,84,2023-11-02,4:08
"AUS, CAN, DEU, GBR, USA",Now That We Don't Talk (Taylor's Version) (From The Vault),Taylor Swift,1989 (Taylor's Version),91,2023-10-26,2:26
BRA,Não Vitalício (Nunca Mais) - Ao Vivo,Matheus & Kauan,Basiquinho 2 (Ao Vivo),70,2023-08-25,2:49
MEX,O Me Voy O Te Vas,Natanael Cano,O Me Voy O Te Vas,85,2023-10-11,4:02
ESP,OA,Anuel AA,OA,86,2023-10-13,3:55
ARG,OJITOS ROJOS,Grupo Frontera,El Comienzo,81,2023-08-25,3:41
BRA,Oi Vida - Ao Vivo,Gusttavo Lima,Oi Vida (Ao Vivo),84,2023-07-08,2:12
"AUS, GBR",One Of Your Girls,Troye Sivan,Something To Give Each Other,88,2023-10-13,3:01
MEX,Otro Show,Uzielito Mix,Otro Show,83,2023-09-09,2:40
USA,Out Of The Woods (Taylor's Version),Taylor Swift,1989 (Taylor's Version),88,2023-10-26,3:55
FRA,Overdrive (feat. Norma Jean Martine),Ofenbach,Overdrive (feat. Norma Jean Martine),76,2023-10-06,2:35
ITA,PARAFULMINI (con Bresh & Fabri Fibra),Ernia,IO NON HO PAURA,72,2023-05-04,3:28
"ARG, ECU, ESP, MEX, USA",PERRO NEGRO,Bad Bunny,nadie sabe lo que va a pasar mañana,97,2023-10-13,2:42
ESP,POLARIS - Remix,Saiko,POLARIS (Remix),86,2023-06-08,4:48
MEX,PRC,Peso Pluma,GÉNESIS,81,2023-06-29,3:04
"AUS, CAN, DEU, FRA, GBR, USA",Paint The Town Red,Doja Cat,Scarlet,89,2023-09-20,3:50
BRA,Pane no Sistema,GREGO,Pane no Sistema,79,2023-10-06,3:34
ITA,Papaya,VillaBanks,VILLABANKS,61,2023-10-26,2:19
ITA,Paradiso Artificiale (feat. Baby Gang & Kid Yugi),Tedua,La Divina Commedia,74,2023-06-02,2:42
MEX,Patadas de Ahogado,LATIN MAFIA,Patadas de Ahogado,76,2023-11-02,3:44
CAN,Perfect Night,LE SSERAFIM,Perfect Night,86,2023-10-27,2:39
FRA,Petit génie,Jungeli,Petit génie,15,2023-08-04,3:37
BRA,Piloto,Flora Matos,Piloto,84,2018-06-12,3:17
"AUS, CAN, GBR, USA",Pink + White,Frank Ocean,Blonde,91,2016-08-20,3:04
BRA,Pirulito Vermelho,Diego & Victor Hugo,Pirulito Vermelho,83,2023-06-30,2:32
ARG,Pobre Corazón - En Vivo,Ke Personajes,Pobre Corazón (En Vivo),81,2023-03-02,3:18
MEX,Poco A Poco,Xavi,Poco A Poco,85,2023-09-21,2:36
FRA,Popcorn Salé,SANTA,Popcorn Salé,72,2022-03-25,3:58
"AUS, GBR",Popular (with Playboi Carti & Madonna) - Music from the HBO Original Series,The Weeknd,Popular (Music from the HBO Original Series),92,2023-06-02,3:35
"AUS, DEU, FRA, GBR",Prada,cassö,Prada,94,2023-08-11,2:12
"ECU, MEX",Primera Cita,Carin Leon,Colmillo De Leche,87,2023-05-19,3:06
FRA,Problèmes de Riche,Josman,J.000.$,68,2023-10-28,3:12
DEU,Push Up - Main Edit,Creeds,Push Up (Main Edit),85,2023-03-31,2:19
"ARG, ECU, ESP, MEX, USA",QLONA,KAROL G,MAÑANA SERÁ BONITO (BICHOTA SEASON),94,2023-08-10,2:52
ARG,QUE ME FALTE TODO,Luck Ra,QUE ME FALTE TODO,69,2023-10-26,2:45
MEX,QUE VUELVAS,Grupo Frontera,El Comienzo,82,2023-08-25,2:49
ECU,QUEMA,Ryan Castro,QUEMA,88,2023-07-13,2:30
BRA,Quase Algo - Ao Vivo,Henrique & Juliano,To Be (Ao Vivo Em Nova Iorque EP1),83,2023-09-15,2:58
"ECU, MEX",Que Onda,Calle 24,Que Onda,94,2023-08-30,3:11
ESP,Quien Es Dei V?,Dei V,Quien Es Dei V?,82,2023-03-17,2:42
ESP,REINA,Mora,ESTRELLA,88,2023-08-28,3:31
ITA,RESPIRA (feat. Marracash),Salmo,CVLT,73,2023-11-03,3:43
MEX,ROCKSTAR,Junior H,$AD BOYZ 4 LIFE II,85,2023-10-05,2:48
MEX,RUBICON,Peso Pluma,GÉNESIS,87,2023-06-29,3:58
"ARG, ECU",Rara Vez,Taiu,Rara Vez,89,2023-02-08,2:08
ITA,Red Light,Tedua,La Divina Commedia,74,2023-06-02,2:47
"ECU, MEX",Reggaeton Champagne,Bellakath,Kittyponeo,88,2023-10-05,2:35
"AUS, CAN, GBR, USA",Rich Baby Daddy (feat. Sexyy Red & SZA),Drake,For All The Dogs,88,2023-10-06,5:19
AUS,Riptide,Vance Joy,Dream Your Life Away (Special Edition),83,2014-09-09,3:24
USA,Romantic Homicide,d4vd,Romantic Homicide,91,2022-07-20,2:12
"ECU, MEX",Rosa Pastel,Belanova,Gran Disco Mini Precio - Dulce Beat,65,2005-01-01,3:05
ITA,Rubami la Notte,Pinguini Tattici Nucleari,Fake News,70,2022-12-02,3:09
DEU,S u m m e r t i m e,danicpeepner,S u m m e r t i m e,55,2015-06-08,3:15
MEX,SABOR FRESA,Fuerza Regida,Pa las Baby's Y Belikeada,77,2023-10-20,2:36
ESP,SEDA,Bad Bunny,nadie sabe lo que va a pasar mañana,90,2023-10-13,3:10
"ESP, FRA",SEYA,GIMS,LES DERNIÈRES VOLONTÉS DE MOZART (SYMPHONY),66,2023-10-05,3:08
FRA,Saiyan,Heuss L'enfoiré,Chef D'orchestre,76,2023-06-30,3:09
ARG,Salgo a Bailar,FMK,Salgo a Bailar,79,2023-07-14,2:37
"AUS, CAN, DEU, GBR, USA",Say Don't Go (Taylor's Version) (From The Vault),Taylor Swift,1989 (Taylor's Version),90,2023-10-26,4:39
DEU,Scheine zählen,AYLIVA,Schwarzes Herz,78,2023-08-25,2:47
USA,See You Again (feat. Kali Uchis),"Tyler, The Creator",Flower Boy,92,2017-07-21,3:00
BRA,Segredo,KayBlack,Contradições,78,2023-03-31,1:44
"ECU, MEX",Según Quién,Maluma,Don Juan,89,2023-08-25,2:22
BRA,Seu Brilho Sumiu - Ao Vivo,Israel & Rodolffo,"Let's Bora, Vol. 2 (Ao Vivo)",82,2023-03-02,2:48
"CAN, ECU, USA",Seven (feat. Latto) (Explicit Ver.),Jung Kook,GOLDEN,82,2023-11-03,3:03
FRA,Shavkat,Freeze corleone,ADC,70,2023-09-11,3:39
"ARG, DEU, ECU, ESP, FRA, ITA, MEX",Si No Estás,iñigo quintero,Si No Estás,99,2022-09-23,3:04
MEX,Skin de Bandida,Oscar Maydon,Skin de Bandida,86,2023-09-22,2:56
"CAN, USA",Snooze,SZA,SOS,92,2022-12-09,3:21
FRA,Solitaire,Werenoi,Telegram,73,2022-10-28,2:26
BRA,Solteiro Forçado - Boiadeira Internacional,Ana Castela,Solteiro Forçado (Boiadeira Internacional),87,2023-07-07,3:14
"AUS, CAN, USA",Something in the Orange,Zach Bryan,Something in the Orange,90,2022-04-22,3:48
ITA,Soraya,Medy,Soraya,68,2023-10-20,3:00
BRA,Sou Musa do Verão,Marshmello,Sugar Papi,64,2023-11-03,3:07
"AUS, CAN, GBR",Sprinter,Dave,Sprinter,93,2023-06-01,3:46
"AUS, BRA, CAN, ECU, GBR, USA",Standing Next to You,Jung Kook,GOLDEN,91,2023-11-03,3:26
"AUS, CAN, GBR, USA",Stick Season,Noah Kahan,Stick Season,89,2022-10-14,3:02
"AUS, CAN, DEU, FRA, GBR, USA",Strangers,Kenya Grace,Strangers,98,2023-09-01,2:52
"AUS, CAN, GBR, USA",Style (Taylor's Version),Taylor Swift,1989 (Taylor's Version),90,2023-10-26,3:51
"AUS, CAN, USA",Suburban Legends (Taylor's Version) (From The Vault),Taylor Swift,1989 (Taylor's Version),88,2023-10-26,2:51
"CAN, GBR, USA",Sweater Weather,The Neighbourhood,I Love You.,93,2013-04-19,4:00
ITA,Syrup,Shiva,Syrup,78,2023-09-14,3:09
DEU,TABU.,Yung Yury,TABU.,77,2023-03-17,2:15
ITA,TAXI SULLA LUNA,Tony Effe,TAXI SULLA LUNA,77,2023-06-08,2:23
ESP,THUNDER Y LIGHTNING,Bad Bunny,nadie sabe lo que va a pasar mañana,87,2023-10-13,3:37
ITA,TOP G (feat. Sacky),Artie 5ive,ASPETTANDO LA BELLA VITA,72,2023-07-20,3:39
ECU,TQG,KAROL G,MAÑANA SERÁ BONITO,90,2023-02-24,3:19
MEX,TQM,Fuerza Regida,Pa las Baby's Y Belikeada,75,2023-10-20,2:37
MEX,TULUM,Peso Pluma,GÉNESIS,90,2023-06-29,3:29
GBR,Take Me to Church,Hozier,Hozier (Expanded Edition),80,2014-09-19,4:01
DEU,Take it,Jazeek,Take it,77,2023-09-22,2:52
FRA,Tattoo,Loreen,Tattoo,89,2023-02-25,3:03
BRA,Tengo,Juliette,Ciclone,68,2023-08-25,2:09
CAN,The Color Violet,Tory Lanez,Alone At Prom,89,2021-12-10,3:46
AUS,The Kind of Love We Make,Luke Combs,Growin' Up,83,2022-06-24,3:44
FRA,The Magic Key,Trinix,The Magic Key,76,2023-04-07,2:51
"AUS, GBR",The Night We Met,Lord Huron,Strange Trails,83,2015-04-07,3:28
"CAN, USA",Thinkin’ Bout Me,Morgan Wallen,One Thing At A Time,86,2023-03-03,2:57
BRA,Toca o Trompete,Felipe Amorim,Cadê o After? Pt. 1,86,2023-07-21,2:43
ARG,Toy en el Mic,Bizarrap,en dormir sin Madrid,87,2023-10-04,2:23
BRA,Traumatizei - Ao Vivo Em Brasília,Henrique & Juliano,To Be (Ao Vivo Em Brasília),74,2023-07-28,2:52
ITA,Tutti,Calcutta ,RELAX,74,2023-10-20,4:10
BRA,Tá OK,DENNIS,Tá OK,86,2023-05-04,1:32
BRA,Tô Voltando - (Boiadeira Internacional),Ana Castela,Tô Voltando (Boiadeira Internacional),84,2023-08-25,2:57
"ARG, ECU, MEX",UN PREVIEW,Bad Bunny,nadie sabe lo que va a pasar mañana,87,2023-10-13,2:45
BRA,Um Mês E Pouco - Ao Vivo,Zé Neto & Cristiano,"Escolhas, Vol. 2 (Ao Vivo)",85,2023-06-22,2:51
ITA,Un Altro Mondo (con Tananai & Marracash),Merk & Kremont,Un Altro Mondo (con Tananai & Marracash),75,2023-06-21,2:47
ARG,Un Finde | CROSSOVER #2,Big One,Un Finde | CROSSOVER #2,87,2023-04-04,2:43
ARG,Una Foto,Mesita,Una Foto,83,2023-08-15,2:02
ESP,VAGABUNDO,Sebastian Yatra,VAGABUNDO,86,2023-05-12,3:35
ITA,VETRI NERI,AVA,VETRI NERI,80,2023-05-19,2:44
BRA,Vem Quebrando,Mc Danone,Vem Quebrando,82,2023-07-17,2:28
MEX,Vete,Alfredo Olivas,ALFA & OMEGA,83,2022-09-30,3:05
"DEU, FRA",Vois sur ton chemin - Techno Mix,BENNETT,Vois sur ton chemin (Techno Mix),91,2023-08-04,2:58
BRA,Voltou Com Quem Não Voltava - Ao Vivo,Israel & Rodolffo,"Let's Bora, Vol. 3 (Ao Vivo)",81,2023-05-18,2:27
DEU,WE THE HOTTEST IN HERE,reezy,WE THE HOTTEST IN HERE,71,2023-10-27,1:58
ECU,WHERE SHE GOES,Bad Bunny,nadie sabe lo que va a pasar mañana,85,2023-10-13,3:51
CAN,Wasted On You,Morgan Wallen,Dangerous: The Double Album,86,2021-01-08,2:58
"AUS, CAN, DEU, FRA, GBR, USA",Water,Tyla,Water,95,2023-07-28,3:20
DEU,Weiche Kissen,Kontra K,Weiche Kissen,43,2023-10-19,3:00
DEU,Weißes Haus,AYLIVA,Schwarzes Herz,76,2023-08-25,2:48
DEU,Wenn du lächelst,Milano,Wenn du lächelst,73,2023-10-23,2:03
"AUS, CAN, GBR","What Was I Made For? [From The Motion Picture ""Barbie""]",Billie Eilish,"What Was I Made For? [From The Motion Picture ""Barbie""]",95,2023-07-13,3:42
USA,White Christmas - 1947 Version,Bing Crosby,Holiday Inn (Original Motion Picture Soundtrack),74,1942-01-01,2:57
GBR,Why'd You Only Call Me When You're High?,Arctic Monkeys,AM,90,2013-09-09,2:41
"CAN, USA",Wildest Dreams (Taylor's Version),Taylor Swift,1989 (Taylor's Version),86,2023-10-26,3:40
ITA,X CASO (feat. Sfera Ebbasta),Geolier,IL CORAGGIO DEI BAMBINI,74,2023-01-06,3:35
MEX,Y LLORO,Junior H,$AD BOYZ 4 LIFE II,90,2023-10-05,2:59
ARG,Ya No Vuelvas (Versión Cuarteto),Luck Ra,Ya No Vuelvas (Versión Cuarteto),82,2022-12-01,3:24
ECU,Yandel 150,Yandel,Resistencia,84,2023-01-13,3:36
MEX,Yo Todo Lo Doy,Alfredo Olivas,ALFA & OMEGA,81,2022-09-30,3:22
"CAN, USA",You Proof,Morgan Wallen,One Thing At A Time,85,2023-03-03,2:37
GBR,adore u,Fred again..,adore u,83,2023-08-11,3:40
"GBR, USA",bad idea right?,Olivia Rodrigo,GUTS,92,2023-09-08,3:04
ITA,bellissimissima <3,Alfa,bellissimissima <3,78,2023-05-12,2:37
"AUS, CAN, GBR, USA",fukumean,Gunna,a Gift & a Curse,95,2023-06-16,2:05
"AUS, GBR",get him back!,Olivia Rodrigo,GUTS,90,2023-09-08,3:31
"AUS, BRA, CAN, DEU, FRA, GBR, USA",greedy,Tate McRae,greedy,100,2023-09-15,2:11
ESP,lady madrizZz,céro,lady madrizZz,70,2023-09-01,2:11
"ECU, MEX",un x100to,Grupo Frontera,El Comienzo,86,2023-08-25,3:14
"AUS, CAN, GBR, USA",vampire,Olivia Rodrigo,GUTS,95,2023-09-08,3:39
